song_id,album,line,section_name,section_artist,song_name,artist_name
2173584,My Love Is Cool,"Look at you, you're all grown up",Verse 1,Wolf Alice,90 Mile Beach,Wolf Alice
2173584,My Love Is Cool,Don't look at me cause I gave up,Verse 1,Wolf Alice,90 Mile Beach,Wolf Alice
2173584,My Love Is Cool,I was waiting for us to move,Verse 1,Wolf Alice,90 Mile Beach,Wolf Alice
2173584,My Love Is Cool,I had had it all planned out,Verse 1,Wolf Alice,90 Mile Beach,Wolf Alice
2173584,My Love Is Cool,I'd worked the route and wrote it down,Verse 1,Wolf Alice,90 Mile Beach,Wolf Alice
2173584,My Love Is Cool,What did you have to lose?,Verse 1,Wolf Alice,90 Mile Beach,Wolf Alice
2173584,My Love Is Cool,"You owe me, yeah",Chorus,Wolf Alice,90 Mile Beach,Wolf Alice
2173584,My Love Is Cool,"You owe me, yeah",Chorus,Wolf Alice,90 Mile Beach,Wolf Alice
2173584,My Love Is Cool,Twiddle my thumbs and hope the beasts won't find you,Verse 2,Wolf Alice,90 Mile Beach,Wolf Alice
2173584,My Love Is Cool,I love those little things that ring me alone to remind you,Verse 2,Wolf Alice,90 Mile Beach,Wolf Alice
2173584,My Love Is Cool,"That you ruined me, yeah",Chorus,Wolf Alice,90 Mile Beach,Wolf Alice
2173584,My Love Is Cool,"You owe me, yeah",Chorus,Wolf Alice,90 Mile Beach,Wolf Alice
2173584,My Love Is Cool,"You owe me, yeah",Chorus,Wolf Alice,90 Mile Beach,Wolf Alice
2173584,My Love Is Cool,"You owe me, yeah",Chorus,Wolf Alice,90 Mile Beach,Wolf Alice
2173575,My Love Is Cool,Made dirty,Verse 1,Wolf Alice,She,Wolf Alice
2173575,My Love Is Cool,Blade don't care,Verse 1,Wolf Alice,She,Wolf Alice
2173575,My Love Is Cool,I'll take anything,Verse 1,Wolf Alice,She,Wolf Alice
2173575,My Love Is Cool,Watch me,Verse 1,Wolf Alice,She,Wolf Alice
2173575,My Love Is Cool,Take what you will,Verse 1,Wolf Alice,She,Wolf Alice
2173575,My Love Is Cool,Wear like a stain,Verse 1,Wolf Alice,She,Wolf Alice
2173575,My Love Is Cool,Always think of her,Verse 1,Wolf Alice,She,Wolf Alice
2173575,My Love Is Cool,'Cause she was sent for,Verse 1,Wolf Alice,She,Wolf Alice
2173575,My Love Is Cool,It's so easy to rebel,Chorus,Wolf Alice,She,Wolf Alice
2173575,My Love Is Cool,"(She knows, she knows, she knows)",Chorus,Wolf Alice,She,Wolf Alice
2173575,My Love Is Cool,And then celebrate myself,Chorus,Wolf Alice,She,Wolf Alice
2173575,My Love Is Cool,"(She knows, she knows, she knows)",Chorus,Wolf Alice,She,Wolf Alice
2173575,My Love Is Cool,I wish she was like you,Chorus,Wolf Alice,She,Wolf Alice
2173575,My Love Is Cool,"(She knows, she knows, she knows)",Chorus,Wolf Alice,She,Wolf Alice
2173575,My Love Is Cool,I wish I was you,Chorus,Wolf Alice,She,Wolf Alice
2173575,My Love Is Cool,(She knows),Chorus,Wolf Alice,She,Wolf Alice
2173575,My Love Is Cool,She's got a boyfriend in a band,Verse 2,Wolf Alice,She,Wolf Alice
2173575,My Love Is Cool,And they do more than just hold hands,Verse 2,Wolf Alice,She,Wolf Alice
2173575,My Love Is Cool,"So, so quiet, so, so pretty",Verse 2,Wolf Alice,She,Wolf Alice
2173575,My Love Is Cool,"From the country, loves the city",Verse 2,Wolf Alice,She,Wolf Alice
2173575,My Love Is Cool,I'm a city girl born and raised,Verse 2,Wolf Alice,She,Wolf Alice
2173575,My Love Is Cool,Dust in the cracks and filled with rage,Verse 2,Wolf Alice,She,Wolf Alice
2173575,My Love Is Cool,"Well, you can be my second hand",Verse 2,Wolf Alice,She,Wolf Alice
2173575,My Love Is Cool,My soft coo coo when I go to bed,Verse 2,Wolf Alice,She,Wolf Alice
2173575,My Love Is Cool,"Do you tell lies, do you do tricks?",Verse 2,Wolf Alice,She,Wolf Alice
2173575,My Love Is Cool,"Do you hate your dad, is your mum a bitch?",Verse 2,Wolf Alice,She,Wolf Alice
2173575,My Love Is Cool,So quiet and pretty,Verse 2,Wolf Alice,She,Wolf Alice
2173575,My Love Is Cool,"She's laughing, really",Verse 2,Wolf Alice,She,Wolf Alice
2173575,My Love Is Cool,"I had a lover, I had a friend",Bridge,Wolf Alice,She,Wolf Alice
2173575,My Love Is Cool,I don't deliver nothing for them,Bridge,Wolf Alice,She,Wolf Alice
2173575,My Love Is Cool,You having fevers or bad dreams,Bridge,Wolf Alice,She,Wolf Alice
2173575,My Love Is Cool,"I'm having neither, just live and breathe",Bridge,Wolf Alice,She,Wolf Alice
2173575,My Love Is Cool,"I had a lover, I had a friend",Bridge,Wolf Alice,She,Wolf Alice
2173575,My Love Is Cool,I don't deliver nothing for them,Bridge,Wolf Alice,She,Wolf Alice
2173575,My Love Is Cool,You having fevers or bad dreams,Bridge,Wolf Alice,She,Wolf Alice
2173575,My Love Is Cool,"I'm having neither, just live and breathe",Bridge,Wolf Alice,She,Wolf Alice
2173575,My Love Is Cool,It's so easy to rebel,Chorus,Wolf Alice,She,Wolf Alice
2173575,My Love Is Cool,"(She knows, she knows, she knows)",Chorus,Wolf Alice,She,Wolf Alice
2173575,My Love Is Cool,And then celebrate myself,Chorus,Wolf Alice,She,Wolf Alice
2173575,My Love Is Cool,"(She knows, she knows, she knows)",Chorus,Wolf Alice,She,Wolf Alice
2173575,My Love Is Cool,I wish she was like you,Chorus,Wolf Alice,She,Wolf Alice
2173575,My Love Is Cool,"(She knows, she knows, she knows)",Chorus,Wolf Alice,She,Wolf Alice
2173575,My Love Is Cool,I wish she was like you,Chorus,Wolf Alice,She,Wolf Alice
2173575,My Love Is Cool,"(She knows, she knows, she knows)",Chorus,Wolf Alice,She,Wolf Alice
2173575,My Love Is Cool,I wish I was you,Chorus,Wolf Alice,She,Wolf Alice
2173575,My Love Is Cool,(She knows),Chorus,Wolf Alice,She,Wolf Alice
3101718,Visions of a Life,The skin on my bones is leather cold,Verse 1,Wolf Alice,Visions of a Life,Wolf Alice
3101718,Visions of a Life,Poisoned my heart beats slow,Verse 1,Wolf Alice,Visions of a Life,Wolf Alice
3101718,Visions of a Life,Fear of crashing and not coming back,Verse 1,Wolf Alice,Visions of a Life,Wolf Alice
3101718,Visions of a Life,"I'm a curse to my friends, to be condemned",Verse 1,Wolf Alice,Visions of a Life,Wolf Alice
3101718,Visions of a Life,Mistakes I made and won't mend,Verse 1,Wolf Alice,Visions of a Life,Wolf Alice
3101718,Visions of a Life,Fear of crashing and not coming back,Verse 1,Wolf Alice,Visions of a Life,Wolf Alice
3101718,Visions of a Life,"I dream of death, its violent breath",Verse 2,Wolf Alice,Visions of a Life,Wolf Alice
3101718,Visions of a Life,I'm caught with my maker in step,Verse 2,Wolf Alice,Visions of a Life,Wolf Alice
3101718,Visions of a Life,Fear of crashing and not coming back,Verse 2,Wolf Alice,Visions of a Life,Wolf Alice
3101718,Visions of a Life,"I could bleach clean my soul, but he knows I know",Verse 2,Wolf Alice,Visions of a Life,Wolf Alice
3101718,Visions of a Life,I'm coming to dine in his hole,Verse 2,Wolf Alice,Visions of a Life,Wolf Alice
3101718,Visions of a Life,Fear of crashing and not coming back,Verse 2,Wolf Alice,Visions of a Life,Wolf Alice
3101718,Visions of a Life,Visions of a life,Chorus 1,Wolf Alice,Visions of a Life,Wolf Alice
3101718,Visions of a Life,Where I was satisfied,Chorus 1,Wolf Alice,Visions of a Life,Wolf Alice
3101718,Visions of a Life,Feed my hungry mind,Chorus 1,Wolf Alice,Visions of a Life,Wolf Alice
3101718,Visions of a Life,Where are you when I close my eyes?,Chorus 1,Wolf Alice,Visions of a Life,Wolf Alice
3101718,Visions of a Life,I left this world behind,Chorus 1,Wolf Alice,Visions of a Life,Wolf Alice
3101718,Visions of a Life,For the world I'd built inside,Chorus 1,Wolf Alice,Visions of a Life,Wolf Alice
3101718,Visions of a Life,Feed my hungry mind,Chorus 1,Wolf Alice,Visions of a Life,Wolf Alice
3101718,Visions of a Life,Where are you when I close my eyes?,Chorus 1,Wolf Alice,Visions of a Life,Wolf Alice
3101718,Visions of a Life,Why do I feel so strange?,Verse 3,Wolf Alice,Visions of a Life,Wolf Alice
3101718,Visions of a Life,A nuclear family and friends my own age,Verse 3,Wolf Alice,Visions of a Life,Wolf Alice
3101718,Visions of a Life,"I follow the rules, do what it says on the tin",Verse 3,Wolf Alice,Visions of a Life,Wolf Alice
3101718,Visions of a Life,But I'm still on the outside still looking in,Verse 3,Wolf Alice,Visions of a Life,Wolf Alice
3101718,Visions of a Life,Why was I born with itchy feet?,Verse 3,Wolf Alice,Visions of a Life,Wolf Alice
3101718,Visions of a Life,And why do I hate all the people I meet?,Verse 3,Wolf Alice,Visions of a Life,Wolf Alice
3101718,Visions of a Life,People's ideals give me the chills to the bone,Verse 3,Wolf Alice,Visions of a Life,Wolf Alice
3101718,Visions of a Life,I got one thousand million friends and I feel so alone,Verse 3,Wolf Alice,Visions of a Life,Wolf Alice
3101718,Visions of a Life,Stay as you are,Chorus 2,Wolf Alice,Visions of a Life,Wolf Alice
3101718,Visions of a Life,Everybody likes you,Chorus 2,Wolf Alice,Visions of a Life,Wolf Alice
3101718,Visions of a Life,Everybody cares,Chorus 2,Wolf Alice,Visions of a Life,Wolf Alice
3101718,Visions of a Life,There's some insight for you,Chorus 2,Wolf Alice,Visions of a Life,Wolf Alice
3101718,Visions of a Life,I'll get my coat,Chorus 2,Wolf Alice,Visions of a Life,Wolf Alice
3101718,Visions of a Life,I'll be the bitch,Chorus 2,Wolf Alice,Visions of a Life,Wolf Alice
3101718,Visions of a Life,I heard that journeys end in lovers meeting,Chorus 2,Wolf Alice,Visions of a Life,Wolf Alice
3101718,Visions of a Life,But my journey ends when my heart stops beating,Chorus 2,Wolf Alice,Visions of a Life,Wolf Alice
3101718,Visions of a Life,I'm leaving,Chorus 2,Wolf Alice,Visions of a Life,Wolf Alice
3101718,Visions of a Life,Stay as you are,Chorus 2,Wolf Alice,Visions of a Life,Wolf Alice
3101718,Visions of a Life,Everybody loves you,Chorus 2,Wolf Alice,Visions of a Life,Wolf Alice
3101718,Visions of a Life,Everybody cares,Chorus 2,Wolf Alice,Visions of a Life,Wolf Alice
3101718,Visions of a Life,There's some insight for you,Chorus 2,Wolf Alice,Visions of a Life,Wolf Alice
3101718,Visions of a Life,I'll get my coat,Chorus 2,Wolf Alice,Visions of a Life,Wolf Alice
3101718,Visions of a Life,I'll be the bitch,Chorus 2,Wolf Alice,Visions of a Life,Wolf Alice
3101718,Visions of a Life,I heard that journeys end in lovers meeting,Chorus 2,Wolf Alice,Visions of a Life,Wolf Alice
3101718,Visions of a Life,But my journey ends when my heart stops beating,Chorus 2,Wolf Alice,Visions of a Life,Wolf Alice
3101718,Visions of a Life,I'm leaving,Chorus 2,Wolf Alice,Visions of a Life,Wolf Alice
3101718,Visions of a Life,Human heart in my hand,Outro,Wolf Alice,Visions of a Life,Wolf Alice
3101718,Visions of a Life,"Heart in my, human heart in my hand",Outro,Wolf Alice,Visions of a Life,Wolf Alice
3101718,Visions of a Life,"Taking it back, eyes straight ahead",Outro,Wolf Alice,Visions of a Life,Wolf Alice
3101718,Visions of a Life,"Cut it in half, better than dead",Outro,Wolf Alice,Visions of a Life,Wolf Alice
3101718,Visions of a Life,Human heart in my hand,Outro,Wolf Alice,Visions of a Life,Wolf Alice
3101718,Visions of a Life,"Heart in my, human heart in my hand",Outro,Wolf Alice,Visions of a Life,Wolf Alice
3101718,Visions of a Life,"Taking it back, eyes straight ahead",Outro,Wolf Alice,Visions of a Life,Wolf Alice
3101718,Visions of a Life,"Cut it in half, better than dead",Outro,Wolf Alice,Visions of a Life,Wolf Alice
3101718,Visions of a Life,Human heart in my hand,Outro,Wolf Alice,Visions of a Life,Wolf Alice
3101718,Visions of a Life,"Heart in my, human heart in my hand",Outro,Wolf Alice,Visions of a Life,Wolf Alice
3101718,Visions of a Life,"Taking it back, eyes straight ahead",Outro,Wolf Alice,Visions of a Life,Wolf Alice
3101718,Visions of a Life,"Cut it in half, it's better than dead",Outro,Wolf Alice,Visions of a Life,Wolf Alice
3101720,Visions of a Life,I hope my body gets better,Chorus,Wolf Alice,Space & Time,Wolf Alice
3101720,Visions of a Life,Do I mean my body or my mind?,Chorus,Wolf Alice,Space & Time,Wolf Alice
3101720,Visions of a Life,"I hate the word ""forever""",Chorus,Wolf Alice,Space & Time,Wolf Alice
3101720,Visions of a Life,"Hate the word ""change""",Chorus,Wolf Alice,Space & Time,Wolf Alice
3101720,Visions of a Life,I just need time,Chorus,Wolf Alice,Space & Time,Wolf Alice
3101720,Visions of a Life,Give me time,Chorus,Wolf Alice,Space & Time,Wolf Alice
3101720,Visions of a Life,Space and time,Chorus,Wolf Alice,Space & Time,Wolf Alice
3101720,Visions of a Life,Take me out to the future,Interlude,Wolf Alice,Space & Time,Wolf Alice
3101720,Visions of a Life,Just so I can look back into the past,Interlude,Wolf Alice,Space & Time,Wolf Alice
3101720,Visions of a Life,I hope my body gets better,Chorus,Wolf Alice,Space & Time,Wolf Alice
3101720,Visions of a Life,Do I mean my body or my mind?,Chorus,Wolf Alice,Space & Time,Wolf Alice
3101720,Visions of a Life,"I hate the word ""forever""",Chorus,Wolf Alice,Space & Time,Wolf Alice
3101720,Visions of a Life,"Hate the word ""change""",Chorus,Wolf Alice,Space & Time,Wolf Alice
3101720,Visions of a Life,I just need time,Chorus,Wolf Alice,Space & Time,Wolf Alice
3101720,Visions of a Life,Give me time,Chorus,Wolf Alice,Space & Time,Wolf Alice
3101720,Visions of a Life,Space and time,Chorus,Wolf Alice,Space & Time,Wolf Alice
3101720,Visions of a Life,"Oh God, I was strange now weren't I?",Interlude,Wolf Alice,Space & Time,Wolf Alice
3101720,Visions of a Life,"I hope that when I look back, I will laugh",Interlude,Wolf Alice,Space & Time,Wolf Alice
3101720,Visions of a Life,I feel I'm losing control of my body,Bridge,Wolf Alice,Space & Time,Wolf Alice
3101720,Visions of a Life,Control of my moods and my decisions and my money,Bridge,Wolf Alice,Space & Time,Wolf Alice
3101720,Visions of a Life,I don't want to come undone,Bridge,Wolf Alice,Space & Time,Wolf Alice
3101720,Visions of a Life,I am set to self-destruct,Bridge,Wolf Alice,Space & Time,Wolf Alice
3101720,Visions of a Life,I hope my body gets better,Chorus,Wolf Alice,Space & Time,Wolf Alice
3101720,Visions of a Life,Do I mean my body or my mind?,Chorus,Wolf Alice,Space & Time,Wolf Alice
3101720,Visions of a Life,"I hate the word ""forever""",Chorus,Wolf Alice,Space & Time,Wolf Alice
3101720,Visions of a Life,"Hate the word ""change""",Chorus,Wolf Alice,Space & Time,Wolf Alice
3101720,Visions of a Life,I just need time,Chorus,Wolf Alice,Space & Time,Wolf Alice
3101720,Visions of a Life,Give me time,Chorus,Wolf Alice,Space & Time,Wolf Alice
3101720,Visions of a Life,Space and time,Chorus,Wolf Alice,Space & Time,Wolf Alice
6522096,Blue Weekend,I ain't afraid,Verse 1,Wolf Alice,Smile,Wolf Alice
6522096,Blue Weekend,"I, I ain't afraid, though my steps appear tentative",Verse 1,Wolf Alice,Smile,Wolf Alice
6522096,Blue Weekend,"I scope it out, then I throw myself into it",Verse 1,Wolf Alice,Smile,Wolf Alice
6522096,Blue Weekend,I ain't ashamed in the fact that I'm sensitive,Verse 1,Wolf Alice,Smile,Wolf Alice
6522096,Blue Weekend,I believe that it is the perfect adjective,Verse 1,Wolf Alice,Smile,Wolf Alice
6522096,Blue Weekend,"I wear my feelings on my sleeve, I suggested it",Verse 1,Wolf Alice,Smile,Wolf Alice
6522096,Blue Weekend,It serves me better than to swallow in a sedative,Verse 1,Wolf Alice,Smile,Wolf Alice
6522096,Blue Weekend,I am what I am and I'm good at it,Verse 1,Wolf Alice,Smile,Wolf Alice
6522096,Blue Weekend,"And you don't like me, well that isn't fucking relevant",Verse 1,Wolf Alice,Smile,Wolf Alice
6522096,Blue Weekend,"Ah, don't call me mad, there's a difference, I am angry",Verse 2,Wolf Alice,Smile,Wolf Alice
6522096,Blue Weekend,And your choice to call mе cute has offended mе,Verse 2,Wolf Alice,Smile,Wolf Alice
6522096,Blue Weekend,"I have power, there are people who depend on me",Verse 2,Wolf Alice,Smile,Wolf Alice
6522096,Blue Weekend,And even you have time you wish to spend on me,Verse 2,Wolf Alice,Smile,Wolf Alice
6522096,Blue Weekend,I know you all think I'm unhinged,Verse 2,Wolf Alice,Smile,Wolf Alice
6522096,Blue Weekend,"Well, wind it up and this honey bee stings",Verse 2,Wolf Alice,Smile,Wolf Alice
6522096,Blue Weekend,Did you think I was a puppet on strings?,Verse 2,Wolf Alice,Smile,Wolf Alice
6522096,Blue Weekend,Wind her up and this honey bee sings,Verse 2,Wolf Alice,Smile,Wolf Alice
6522096,Blue Weekend,"Ah, ah, ah, ah, sun and the shine",Chorus,Wolf Alice,Smile,Wolf Alice
6522096,Blue Weekend,"Ah, ah, ah, ah, smile",Chorus,Wolf Alice,Smile,Wolf Alice
6522096,Blue Weekend,"Ah, ah, ah, ah, sun and the shine",Chorus,Wolf Alice,Smile,Wolf Alice
6522096,Blue Weekend,"Yeah, if you want me, you can find me at the bar",Verse 3,Wolf Alice,Smile,Wolf Alice
6522096,Blue Weekend,Lost souls congregate at the bar,Verse 3,Wolf Alice,Smile,Wolf Alice
6522096,Blue Weekend,Take a minute and remember who you are,Verse 3,Wolf Alice,Smile,Wolf Alice
6522096,Blue Weekend,"Sip your drink, sip one more and you're a star",Verse 3,Wolf Alice,Smile,Wolf Alice
6522096,Blue Weekend,"Ah, ah, ah, ah, sun and the shine",Chorus,Wolf Alice,Smile,Wolf Alice
6522096,Blue Weekend,"Ah, ah, ah, ah, smile",Chorus,Wolf Alice,Smile,Wolf Alice
6522096,Blue Weekend,"Ah, ah, ah, ah, sun and the shine",Chorus,Wolf Alice,Smile,Wolf Alice
6522096,Blue Weekend,"Ah, ah, ah, ah, smile",Chorus,Wolf Alice,Smile,Wolf Alice
3101708,Visions of a Life,"Who hurt you, sadboy?",Verse 1,Wolf Alice,Sadboy,Wolf Alice
3101708,Visions of a Life,There's a dark cloud above your head,Verse 1,Wolf Alice,Sadboy,Wolf Alice
3101708,Visions of a Life,"Who hurt you, sadboy?",Verse 1,Wolf Alice,Sadboy,Wolf Alice
3101708,Visions of a Life,You act like you're already dead,Verse 1,Wolf Alice,Sadboy,Wolf Alice
3101708,Visions of a Life,But you think too much,Verse 1,Wolf Alice,Sadboy,Wolf Alice
3101708,Visions of a Life,"Yeah, you think too much",Verse 1,Wolf Alice,Sadboy,Wolf Alice
3101708,Visions of a Life,"Who hurt you, fashion boy?",Verse 2,Wolf Alice,Sadboy,Wolf Alice
3101708,Visions of a Life,There's a dark cloud above your head,Verse 2,Wolf Alice,Sadboy,Wolf Alice
3101708,Visions of a Life,"Who hurt you, sadboy?",Verse 2,Wolf Alice,Sadboy,Wolf Alice
3101708,Visions of a Life,You act like you're already dead,Verse 2,Wolf Alice,Sadboy,Wolf Alice
3101708,Visions of a Life,But you think too much,Verse 2,Wolf Alice,Sadboy,Wolf Alice
3101708,Visions of a Life,Probably drink too much,Verse 2,Wolf Alice,Sadboy,Wolf Alice
3101708,Visions of a Life,"Bathe in that blue light, baby",Spoken,Wolf Alice,Sadboy,Wolf Alice
3101708,Visions of a Life,'Cause here comes the night,Spoken,Wolf Alice,Sadboy,Wolf Alice
3101708,Visions of a Life,Your truest friend,Spoken,Wolf Alice,Sadboy,Wolf Alice
3101708,Visions of a Life,I was waiting,Outro,Wolf Alice,Sadboy,Wolf Alice
3101708,Visions of a Life,Waiting for anything to happen,Outro,Wolf Alice,Sadboy,Wolf Alice
3101708,Visions of a Life,Waiting for love?,Outro,Wolf Alice,Sadboy,Wolf Alice
3101708,Visions of a Life,I was just waiting for this not to hurt,Outro,Wolf Alice,Sadboy,Wolf Alice
3101708,Visions of a Life,I was waiting,Outro,Wolf Alice,Sadboy,Wolf Alice
3101708,Visions of a Life,Waiting for anything to happen,Outro,Wolf Alice,Sadboy,Wolf Alice
3101708,Visions of a Life,Waiting for love?,Outro,Wolf Alice,Sadboy,Wolf Alice
3101708,Visions of a Life,I was just waiting for this not to hurt,Outro,Wolf Alice,Sadboy,Wolf Alice
3101708,Visions of a Life,I was waiting,Outro,Wolf Alice,Sadboy,Wolf Alice
3101708,Visions of a Life,Waiting for anything to happen,Outro,Wolf Alice,Sadboy,Wolf Alice
3101708,Visions of a Life,Waiting for love?,Outro,Wolf Alice,Sadboy,Wolf Alice
3101708,Visions of a Life,I was just waiting for this not to hurt,Outro,Wolf Alice,Sadboy,Wolf Alice
3101708,Visions of a Life,I was waiting,Outro,Wolf Alice,Sadboy,Wolf Alice
3101708,Visions of a Life,(What you waiting for?),Outro,Wolf Alice,Sadboy,Wolf Alice
3101708,Visions of a Life,Waiting for anything to happen,Outro,Wolf Alice,Sadboy,Wolf Alice
3101708,Visions of a Life,(What you waiting for?),Outro,Wolf Alice,Sadboy,Wolf Alice
3101708,Visions of a Life,Waiting for love?,Outro,Wolf Alice,Sadboy,Wolf Alice
3101708,Visions of a Life,I was just waiting for this not to hurt,Outro,Wolf Alice,Sadboy,Wolf Alice
2173581,My Love Is Cool,We fail making beats for you to dance to,Verse 1,Wolf Alice,Nosedive,Wolf Alice
2173581,My Love Is Cool,We fail making rhymes to romance to,Verse 1,Wolf Alice,Nosedive,Wolf Alice
2173581,My Love Is Cool,We failed on our making it naked alright,Verse 1,Wolf Alice,Nosedive,Wolf Alice
2173581,My Love Is Cool,Nosedive,Chorus,Wolf Alice,Nosedive,Wolf Alice
2173581,My Love Is Cool,Nosedive,Chorus,Wolf Alice,Nosedive,Wolf Alice
2173581,My Love Is Cool,Nosedive,Chorus,Wolf Alice,Nosedive,Wolf Alice
2173581,My Love Is Cool,Nosedive,Chorus,Wolf Alice,Nosedive,Wolf Alice
2173581,My Love Is Cool,I've got a fiver in a pocket somewhere,Verse 2,Wolf Alice,Nosedive,Wolf Alice
2173581,My Love Is Cool,I can make it to yours on time,Verse 2,Wolf Alice,Nosedive,Wolf Alice
2173581,My Love Is Cool,I don't care if this takes me no where,Verse 2,Wolf Alice,Nosedive,Wolf Alice
2173581,My Love Is Cool,"I won't, and you won't, we won't ask why",Verse 2,Wolf Alice,Nosedive,Wolf Alice
2173581,My Love Is Cool,I nosedive,Chorus,Wolf Alice,Nosedive,Wolf Alice
2173581,My Love Is Cool,I nosedive,Chorus,Wolf Alice,Nosedive,Wolf Alice
2173581,My Love Is Cool,I nosedive,Chorus,Wolf Alice,Nosedive,Wolf Alice
2173581,My Love Is Cool,I nosedive,Chorus,Wolf Alice,Nosedive,Wolf Alice
2173581,My Love Is Cool,You play the drums,Verse 3,Wolf Alice,Nosedive,Wolf Alice
2173581,My Love Is Cool,You play the drums and we'll make the rhymes,Verse 3,Wolf Alice,Nosedive,Wolf Alice
2173581,My Love Is Cool,Figured it out,Verse 3,Wolf Alice,Nosedive,Wolf Alice
2173581,My Love Is Cool,I figured it all and we'll be alright,Verse 3,Wolf Alice,Nosedive,Wolf Alice
2173581,My Love Is Cool,Who's there?,Verse 3,Wolf Alice,Nosedive,Wolf Alice
2173581,My Love Is Cool,Who cares?,Verse 3,Wolf Alice,Nosedive,Wolf Alice
2173581,My Love Is Cool,Go out and dance,Verse 3,Wolf Alice,Nosedive,Wolf Alice
2173581,My Love Is Cool,I can dance if you do too,Verse 3,Wolf Alice,Nosedive,Wolf Alice
2173581,My Love Is Cool,Gimme the five,Verse 3,Wolf Alice,Nosedive,Wolf Alice
2173581,My Love Is Cool,We have our love and we'll be alright,Verse 3,Wolf Alice,Nosedive,Wolf Alice
2173581,My Love Is Cool,Who's there?,Outro,Wolf Alice,Nosedive,Wolf Alice
2173581,My Love Is Cool,Who cares?,Outro,Wolf Alice,Nosedive,Wolf Alice
697872,My Love Is Cool,She needs a lover to escape her father and mother,Verse 1,Wolf Alice,Moaning Lisa Smile,Wolf Alice
697872,My Love Is Cool,She hopes for some other way out of the hole,Verse 1,Wolf Alice,Moaning Lisa Smile,Wolf Alice
697872,My Love Is Cool,"She's over achieving, chasing her dreams",Verse 1,Wolf Alice,Moaning Lisa Smile,Wolf Alice
697872,My Love Is Cool,"And coming down slowly, yeah, it's out of control",Verse 1,Wolf Alice,Moaning Lisa Smile,Wolf Alice
697872,My Love Is Cool,A-ah-ah-ah-ah-ah-ah-ah-ah-ah-ah-ah-ah-ahh,Chorus,Wolf Alice,Moaning Lisa Smile,Wolf Alice
697872,My Love Is Cool,Scrap the blues if the blues don't work,Chorus,Wolf Alice,Moaning Lisa Smile,Wolf Alice
697872,My Love Is Cool,Flash your teeth though the inside hurts,Chorus,Wolf Alice,Moaning Lisa Smile,Wolf Alice
697872,My Love Is Cool,A-ah-ah-ah-ah-ah-ah-ah-ah-ah-ah-ah-ah-ahh,Chorus,Wolf Alice,Moaning Lisa Smile,Wolf Alice
697872,My Love Is Cool,Scrap the blues if the blues don't work,Chorus,Wolf Alice,Moaning Lisa Smile,Wolf Alice
697872,My Love Is Cool,"Doesn't make you feel better, just makes others feel worse",Chorus,Wolf Alice,Moaning Lisa Smile,Wolf Alice
697872,My Love Is Cool,All in the books and all in her blood,Verse 2,Wolf Alice,Moaning Lisa Smile,Wolf Alice
697872,My Love Is Cool,"And nowhere to run, cause it's out of control",Verse 2,Wolf Alice,Moaning Lisa Smile,Wolf Alice
697872,My Love Is Cool,You wait for something to undo these feelings,Verse 2,Wolf Alice,Moaning Lisa Smile,Wolf Alice
697872,My Love Is Cool,Waiting and waiting but it's out of control,Verse 2,Wolf Alice,Moaning Lisa Smile,Wolf Alice
697872,My Love Is Cool,A-ah-ah-ah-ah-ah-ah-ah-ah-ah-ah-ah-ah-ahh,Chorus,Wolf Alice,Moaning Lisa Smile,Wolf Alice
697872,My Love Is Cool,Scrap the blues if the blues don't work,Chorus,Wolf Alice,Moaning Lisa Smile,Wolf Alice
697872,My Love Is Cool,Flash your teeth though the inside hurts,Chorus,Wolf Alice,Moaning Lisa Smile,Wolf Alice
697872,My Love Is Cool,A-ah-ah-ah-ah-ah-ah-ah-ah-ah-ah-ah-ah-ahh,Chorus,Wolf Alice,Moaning Lisa Smile,Wolf Alice
697872,My Love Is Cool,Scrap the blues if the blues don't work,Chorus,Wolf Alice,Moaning Lisa Smile,Wolf Alice
697872,My Love Is Cool,"Doesn't make you feel better, just makes others feel worse",Chorus,Wolf Alice,Moaning Lisa Smile,Wolf Alice
697872,My Love Is Cool,A-ah-ah-ah-ah-ah-ah-ah-ah-ah-ah-ah-ah-ahh,Outro,Wolf Alice,Moaning Lisa Smile,Wolf Alice
697872,My Love Is Cool,A-ah-ah-ah-ah-ah-ah-ah-ah-ah-ah-ah-ah-ahh,Outro,Wolf Alice,Moaning Lisa Smile,Wolf Alice
697872,My Love Is Cool,It never is enough,Outro,Wolf Alice,Moaning Lisa Smile,Wolf Alice
697872,My Love Is Cool,"No, it never is enough",Outro,Wolf Alice,Moaning Lisa Smile,Wolf Alice
697872,My Love Is Cool,It never is enough,Outro,Wolf Alice,Moaning Lisa Smile,Wolf Alice
697872,My Love Is Cool,"No, it never is enough",Outro,Wolf Alice,Moaning Lisa Smile,Wolf Alice
2283038,My Love Is Cool,I will wear my hair,Verse 1,Wolf Alice,Leaving You,Wolf Alice
2283038,My Love Is Cool,The way he likes me to,Verse 1,Wolf Alice,Leaving You,Wolf Alice
2283038,My Love Is Cool,And I will play the game,Verse 1,Wolf Alice,Leaving You,Wolf Alice
2283038,My Love Is Cool,The way he would want me to,Verse 1,Wolf Alice,Leaving You,Wolf Alice
2283038,My Love Is Cool,But I'm leaving you,Chorus,Wolf Alice,Leaving You,Wolf Alice
2283038,My Love Is Cool,I'm leaving you,Chorus,Wolf Alice,Leaving You,Wolf Alice
2283038,My Love Is Cool,It's been a long time coming,Chorus,Wolf Alice,Leaving You,Wolf Alice
2283038,My Love Is Cool,That I've been afraid,Chorus,Wolf Alice,Leaving You,Wolf Alice
2283038,My Love Is Cool,Of how to live the life that I have made,Chorus,Wolf Alice,Leaving You,Wolf Alice
2283038,My Love Is Cool,I have made,Chorus,Wolf Alice,Leaving You,Wolf Alice
2283038,My Love Is Cool,"I will lead the life, my dad",Verse 2,Wolf Alice,Leaving You,Wolf Alice
2283038,My Love Is Cool,And he said I could,Verse 2,Wolf Alice,Leaving You,Wolf Alice
2283038,My Love Is Cool,"You won't need, you won't need to know",Verse 2,Wolf Alice,Leaving You,Wolf Alice
2283038,My Love Is Cool,You never had,Verse 2,Wolf Alice,Leaving You,Wolf Alice
2283038,My Love Is Cool,So I'm leaving you,Chorus,Wolf Alice,Leaving You,Wolf Alice
2283038,My Love Is Cool,I'm leaving you,Chorus,Wolf Alice,Leaving You,Wolf Alice
2283038,My Love Is Cool,It's been a long time coming,Chorus,Wolf Alice,Leaving You,Wolf Alice
2283038,My Love Is Cool,Of how to live the life that I have made,Chorus,Wolf Alice,Leaving You,Wolf Alice
2283038,My Love Is Cool,I have made,Chorus,Wolf Alice,Leaving You,Wolf Alice
2453969,Visions of a Life,Am I a bitch to not like you anymore?,Verse 1,Wolf Alice,Yuk Foo,Wolf Alice
2453969,Visions of a Life,"Punch me in my face, I wouldn't even fight you no more",Verse 1,Wolf Alice,Yuk Foo,Wolf Alice
2453969,Visions of a Life,'Cause you bore me,Chorus,Wolf Alice,Yuk Foo,Wolf Alice
2453969,Visions of a Life,You bore me to death,Chorus,Wolf Alice,Yuk Foo,Wolf Alice
2453969,Visions of a Life,"Well, deplore me",Chorus,Wolf Alice,Yuk Foo,Wolf Alice
2453969,Visions of a Life,"No, I don't give a shit",Chorus,Wolf Alice,Yuk Foo,Wolf Alice
2453969,Visions of a Life,I wanna fuck all the people I meet,Verse 2,Wolf Alice,Yuk Foo,Wolf Alice
2453969,Visions of a Life,Fuck all my friends and all the people in the street,Verse 2,Wolf Alice,Yuk Foo,Wolf Alice
2453969,Visions of a Life,'Cause you bore me,Chorus,Wolf Alice,Yuk Foo,Wolf Alice
2453969,Visions of a Life,You bore me to death,Chorus,Wolf Alice,Yuk Foo,Wolf Alice
2453969,Visions of a Life,"Well, deplore me",Chorus,Wolf Alice,Yuk Foo,Wolf Alice
2453969,Visions of a Life,"Well, I don't give a shit (Shit, shit, shit)",Chorus,Wolf Alice,Yuk Foo,Wolf Alice
2453969,Visions of a Life,"I don't wanna be cruel, but you're really grinding",Verse 3,Wolf Alice,Yuk Foo,Wolf Alice
2453969,Visions of a Life,I'm not a fool but I have a rage and it's blinding,Verse 3,Wolf Alice,Yuk Foo,Wolf Alice
2453969,Visions of a Life,"I feel it coming, is it exciting?",Verse 3,Wolf Alice,Yuk Foo,Wolf Alice
2453969,Visions of a Life,"I feel it coming, yeah I'm unwinding",Verse 3,Wolf Alice,Yuk Foo,Wolf Alice
2453969,Visions of a Life,You bore me,Chorus,Wolf Alice,Yuk Foo,Wolf Alice
2453969,Visions of a Life,You bore me to death,Chorus,Wolf Alice,Yuk Foo,Wolf Alice
2453969,Visions of a Life,"Well, deplore me",Chorus,Wolf Alice,Yuk Foo,Wolf Alice
2453969,Visions of a Life,"No, I don't give a shit",Chorus,Wolf Alice,Yuk Foo,Wolf Alice
2453969,Visions of a Life,You bore me,Chorus,Wolf Alice,Yuk Foo,Wolf Alice
2453969,Visions of a Life,You bore me to death,Chorus,Wolf Alice,Yuk Foo,Wolf Alice
2453969,Visions of a Life,"Well, deplore me",Chorus,Wolf Alice,Yuk Foo,Wolf Alice
2453969,Visions of a Life,"No, I don't give a shit",Chorus,Wolf Alice,Yuk Foo,Wolf Alice
2453969,Visions of a Life,You bore me to death,Post-Chorus,Wolf Alice,Yuk Foo,Wolf Alice
2453969,Visions of a Life,"No, I don't give a shit",Post-Chorus,Wolf Alice,Yuk Foo,Wolf Alice
2453969,Visions of a Life,"Yeah I have feelings, 'cause I'm a human",Bridge,Wolf Alice,Yuk Foo,Wolf Alice
2453969,Visions of a Life,"A totally self-destructive, constantly consuming",Bridge,Wolf Alice,Yuk Foo,Wolf Alice
2453969,Visions of a Life,"And now I'm fucked, and that fucks you too",Bridge,Wolf Alice,Yuk Foo,Wolf Alice
2453969,Visions of a Life,"So fuck the world, and you, and you and you and",Bridge,Wolf Alice,Yuk Foo,Wolf Alice
2453969,Visions of a Life,You bore me,Chorus,Wolf Alice,Yuk Foo,Wolf Alice
2453969,Visions of a Life,You bore me to death,Chorus,Wolf Alice,Yuk Foo,Wolf Alice
2453969,Visions of a Life,"Well, deplore me",Chorus,Wolf Alice,Yuk Foo,Wolf Alice
2453969,Visions of a Life,"No, I don't give a shit",Chorus,Wolf Alice,Yuk Foo,Wolf Alice
2453969,Visions of a Life,You bore me,Chorus,Wolf Alice,Yuk Foo,Wolf Alice
2453969,Visions of a Life,You bore me to death,Chorus,Wolf Alice,Yuk Foo,Wolf Alice
2453969,Visions of a Life,"Well, deplore me",Chorus,Wolf Alice,Yuk Foo,Wolf Alice
2453969,Visions of a Life,"No, I don't give a shit",Chorus,Wolf Alice,Yuk Foo,Wolf Alice
2453969,Visions of a Life,You bore me to death,Outro,Wolf Alice,Yuk Foo,Wolf Alice
2453969,Visions of a Life,"No, I don't give a shit",Outro,Wolf Alice,Yuk Foo,Wolf Alice
2453969,Visions of a Life,You bore me to death,Outro,Wolf Alice,Yuk Foo,Wolf Alice
2453969,Visions of a Life,"No, I don't give a shit",Outro,Wolf Alice,Yuk Foo,Wolf Alice
2453969,Visions of a Life,Am I a bitch to not like you anymore?,Verse 1,Wolf Alice,Yuk Foo,Wolf Alice
2453969,Visions of a Life,"Punch me in my face, I wouldn't even fight you no more",Verse 1,Wolf Alice,Yuk Foo,Wolf Alice
2453969,Visions of a Life,'Cause you bore me,Chorus,Wolf Alice,Yuk Foo,Wolf Alice
2453969,Visions of a Life,You bore me to death,Chorus,Wolf Alice,Yuk Foo,Wolf Alice
2453969,Visions of a Life,"Well, deplore me",Chorus,Wolf Alice,Yuk Foo,Wolf Alice
2453969,Visions of a Life,"No, I don't give a shit",Chorus,Wolf Alice,Yuk Foo,Wolf Alice
2453969,Visions of a Life,I wanna fuck all the people I meet,Verse 2,Wolf Alice,Yuk Foo,Wolf Alice
2453969,Visions of a Life,Fuck all my friends and all the people in the street,Verse 2,Wolf Alice,Yuk Foo,Wolf Alice
2453969,Visions of a Life,'Cause you bore me,Chorus,Wolf Alice,Yuk Foo,Wolf Alice
2453969,Visions of a Life,You bore me to death,Chorus,Wolf Alice,Yuk Foo,Wolf Alice
2453969,Visions of a Life,"Well, deplore me",Chorus,Wolf Alice,Yuk Foo,Wolf Alice
2453969,Visions of a Life,"Well, I don't give a shit (Shit, shit, shit)",Chorus,Wolf Alice,Yuk Foo,Wolf Alice
2453969,Visions of a Life,"I don't wanna be cruel, but you're really grinding",Verse 3,Wolf Alice,Yuk Foo,Wolf Alice
2453969,Visions of a Life,I'm not a fool but I have a rage and it's blinding,Verse 3,Wolf Alice,Yuk Foo,Wolf Alice
2453969,Visions of a Life,"I feel it coming, is it exciting?",Verse 3,Wolf Alice,Yuk Foo,Wolf Alice
2453969,Visions of a Life,"I feel it coming, yeah I'm unwinding",Verse 3,Wolf Alice,Yuk Foo,Wolf Alice
2453969,Visions of a Life,You bore me,Chorus,Wolf Alice,Yuk Foo,Wolf Alice
2453969,Visions of a Life,You bore me to death,Chorus,Wolf Alice,Yuk Foo,Wolf Alice
2453969,Visions of a Life,"Well, deplore me",Chorus,Wolf Alice,Yuk Foo,Wolf Alice
2453969,Visions of a Life,"No, I don't give a shit",Chorus,Wolf Alice,Yuk Foo,Wolf Alice
2453969,Visions of a Life,You bore me,Chorus,Wolf Alice,Yuk Foo,Wolf Alice
2453969,Visions of a Life,You bore me to death,Chorus,Wolf Alice,Yuk Foo,Wolf Alice
2453969,Visions of a Life,"Well, deplore me",Chorus,Wolf Alice,Yuk Foo,Wolf Alice
2453969,Visions of a Life,"No, I don't give a shit",Chorus,Wolf Alice,Yuk Foo,Wolf Alice
2453969,Visions of a Life,You bore me to death,Post-Chorus,Wolf Alice,Yuk Foo,Wolf Alice
2453969,Visions of a Life,"No, I don't give a shit",Post-Chorus,Wolf Alice,Yuk Foo,Wolf Alice
2453969,Visions of a Life,"Yeah I have feelings, 'cause I'm a human",Bridge,Wolf Alice,Yuk Foo,Wolf Alice
2453969,Visions of a Life,"A totally self-destructive, constantly consuming",Bridge,Wolf Alice,Yuk Foo,Wolf Alice
2453969,Visions of a Life,"And now I'm fucked, and that fucks you too",Bridge,Wolf Alice,Yuk Foo,Wolf Alice
2453969,Visions of a Life,"So fuck the world, and you, and you and you and",Bridge,Wolf Alice,Yuk Foo,Wolf Alice
2453969,Visions of a Life,You bore me,Chorus,Wolf Alice,Yuk Foo,Wolf Alice
2453969,Visions of a Life,You bore me to death,Chorus,Wolf Alice,Yuk Foo,Wolf Alice
2453969,Visions of a Life,"Well, deplore me",Chorus,Wolf Alice,Yuk Foo,Wolf Alice
2453969,Visions of a Life,"No, I don't give a shit",Chorus,Wolf Alice,Yuk Foo,Wolf Alice
2453969,Visions of a Life,You bore me,Chorus,Wolf Alice,Yuk Foo,Wolf Alice
2453969,Visions of a Life,You bore me to death,Chorus,Wolf Alice,Yuk Foo,Wolf Alice
2453969,Visions of a Life,"Well, deplore me",Chorus,Wolf Alice,Yuk Foo,Wolf Alice
2453969,Visions of a Life,"No, I don't give a shit",Chorus,Wolf Alice,Yuk Foo,Wolf Alice
2453969,Visions of a Life,You bore me to death,Outro,Wolf Alice,Yuk Foo,Wolf Alice
2453969,Visions of a Life,"No, I don't give a shit",Outro,Wolf Alice,Yuk Foo,Wolf Alice
2453969,Visions of a Life,You bore me to death,Outro,Wolf Alice,Yuk Foo,Wolf Alice
2453969,Visions of a Life,"No, I don't give a shit",Outro,Wolf Alice,Yuk Foo,Wolf Alice
783135,My Love Is Cool,"Long live, you're amazing","Long live, you're amazing",Wolf Alice,We’re Not the Same,Wolf Alice
783135,My Love Is Cool,"Long live, I am strange!","Long live, you're amazing",Wolf Alice,We’re Not the Same,Wolf Alice
783135,My Love Is Cool,Will walk Mondays together,"Long live, you're amazing",Wolf Alice,We’re Not the Same,Wolf Alice
783135,My Love Is Cool,You wait!,"Long live, you're amazing",Wolf Alice,We’re Not the Same,Wolf Alice
783135,My Love Is Cool,"Well, aren't you feeling brave?","Long live, you're amazing",Wolf Alice,We’re Not the Same,Wolf Alice
783135,My Love Is Cool,We're not the same,"Long live, you're amazing",Wolf Alice,We’re Not the Same,Wolf Alice
783135,My Love Is Cool,You and I!,"Long live, you're amazing",Wolf Alice,We’re Not the Same,Wolf Alice
783135,My Love Is Cool,"Oh, what a shame","Long live, you're amazing",Wolf Alice,We’re Not the Same,Wolf Alice
783135,My Love Is Cool,Bye-bye!,"Long live, you're amazing",Wolf Alice,We’re Not the Same,Wolf Alice
783135,My Love Is Cool,We're not the same,"Long live, you're amazing",Wolf Alice,We’re Not the Same,Wolf Alice
783135,My Love Is Cool,You and I!,"Long live, you're amazing",Wolf Alice,We’re Not the Same,Wolf Alice
783135,My Love Is Cool,"Oh, what a shame","Long live, you're amazing",Wolf Alice,We’re Not the Same,Wolf Alice
783135,My Love Is Cool,Bye-bye!,"Long live, you're amazing",Wolf Alice,We’re Not the Same,Wolf Alice
783135,My Love Is Cool,Meet me at Queen Caroline,"Long live, you're amazing",Wolf Alice,We’re Not the Same,Wolf Alice
783135,My Love Is Cool,I meet you anywhere!,"Long live, you're amazing",Wolf Alice,We’re Not the Same,Wolf Alice
783135,My Love Is Cool,Left me down and broken,"Long live, you're amazing",Wolf Alice,We’re Not the Same,Wolf Alice
783135,My Love Is Cool,You wait!,"Long live, you're amazing",Wolf Alice,We’re Not the Same,Wolf Alice
783135,My Love Is Cool,"Well, aren't you feeling scared?","Long live, you're amazing",Wolf Alice,We’re Not the Same,Wolf Alice
783135,My Love Is Cool,We're not the same,"Long live, you're amazing",Wolf Alice,We’re Not the Same,Wolf Alice
783135,My Love Is Cool,You and I!,"Long live, you're amazing",Wolf Alice,We’re Not the Same,Wolf Alice
783135,My Love Is Cool,"Oh, what a shame","Long live, you're amazing",Wolf Alice,We’re Not the Same,Wolf Alice
783135,My Love Is Cool,Bye-bye!,"Long live, you're amazing",Wolf Alice,We’re Not the Same,Wolf Alice
783135,My Love Is Cool,We're not the same,"Long live, you're amazing",Wolf Alice,We’re Not the Same,Wolf Alice
783135,My Love Is Cool,You and I!,"Long live, you're amazing",Wolf Alice,We’re Not the Same,Wolf Alice
783135,My Love Is Cool,"Oh, what a shame","Long live, you're amazing",Wolf Alice,We’re Not the Same,Wolf Alice
783135,My Love Is Cool,Bye-bye!,"Long live, you're amazing",Wolf Alice,We’re Not the Same,Wolf Alice
2149640,My Love Is Cool,Keep your beady eyes on me,Keep your beady eyes on me,Wolf Alice,Turn to Dust,Wolf Alice
2149640,My Love Is Cool,To make sure I don't turn to dust,Keep your beady eyes on me,Wolf Alice,Turn to Dust,Wolf Alice
2149640,My Love Is Cool,If fear is in the mind then my mind lives in fear,Keep your beady eyes on me,Wolf Alice,Turn to Dust,Wolf Alice
2149640,My Love Is Cool,As deep and as vast as the dirty British sea,Keep your beady eyes on me,Wolf Alice,Turn to Dust,Wolf Alice
2149640,My Love Is Cool,Keep your beady eyes on me,Keep your beady eyes on me,Wolf Alice,Turn to Dust,Wolf Alice
2149640,My Love Is Cool,To make sure I don't turn to dust,Keep your beady eyes on me,Wolf Alice,Turn to Dust,Wolf Alice
2149640,My Love Is Cool,There's paths to make the heart beat and paths where I can skip,Keep your beady eyes on me,Wolf Alice,Turn to Dust,Wolf Alice
2149640,My Love Is Cool,And a path to tread lightly with the clouds beneath my feet,Keep your beady eyes on me,Wolf Alice,Turn to Dust,Wolf Alice
2149640,My Love Is Cool,When the light creeps from the blinds I dance in Heaven,Keep your beady eyes on me,Wolf Alice,Turn to Dust,Wolf Alice
2149640,My Love Is Cool,"It's just old passing time, it rains dead weather",Keep your beady eyes on me,Wolf Alice,Turn to Dust,Wolf Alice
2149640,My Love Is Cool,Keep your beady eyes on me,Keep your beady eyes on me,Wolf Alice,Turn to Dust,Wolf Alice
2149640,My Love Is Cool,To make sure I don't turn to dust,Keep your beady eyes on me,Wolf Alice,Turn to Dust,Wolf Alice
2149640,My Love Is Cool,Keep your beady eyes on me,Keep your beady eyes on me,Wolf Alice,Turn to Dust,Wolf Alice
2149640,My Love Is Cool,To make sure I don't turn to dust,Keep your beady eyes on me,Wolf Alice,Turn to Dust,Wolf Alice
2149640,My Love Is Cool,If fear is in the mind then my mind lives in fear,Keep your beady eyes on me,Wolf Alice,Turn to Dust,Wolf Alice
2149640,My Love Is Cool,As deep and as vast as the dirty British sea,Keep your beady eyes on me,Wolf Alice,Turn to Dust,Wolf Alice
2149640,My Love Is Cool,Keep your beady eyes on me,Keep your beady eyes on me,Wolf Alice,Turn to Dust,Wolf Alice
2149640,My Love Is Cool,To make sure I don't turn to dust,Keep your beady eyes on me,Wolf Alice,Turn to Dust,Wolf Alice
2149640,My Love Is Cool,There's paths to make the heart beat and paths where I can skip,Keep your beady eyes on me,Wolf Alice,Turn to Dust,Wolf Alice
2149640,My Love Is Cool,And a path to tread lightly with the clouds beneath my feet,Keep your beady eyes on me,Wolf Alice,Turn to Dust,Wolf Alice
2149640,My Love Is Cool,When the light creeps from the blinds I dance in Heaven,Keep your beady eyes on me,Wolf Alice,Turn to Dust,Wolf Alice
2149640,My Love Is Cool,"It's just old passing time, it rains dead weather",Keep your beady eyes on me,Wolf Alice,Turn to Dust,Wolf Alice
2149640,My Love Is Cool,Keep your beady eyes on me,Keep your beady eyes on me,Wolf Alice,Turn to Dust,Wolf Alice
2149640,My Love Is Cool,To make sure I don't turn to dust,Keep your beady eyes on me,Wolf Alice,Turn to Dust,Wolf Alice
2149661,My Love Is Cool,What happens when we die?,Verse,Wolf Alice,The Wonderwhy (Hidden Track),Wolf Alice
2149661,My Love Is Cool,"""No, don't ask questions, just make sure you survive""",Verse,Wolf Alice,The Wonderwhy (Hidden Track),Wolf Alice
2149661,My Love Is Cool,Lord give me faith so I have boxes to tick,Verse,Wolf Alice,The Wonderwhy (Hidden Track),Wolf Alice
2149661,My Love Is Cool,And won't have to suffer the wonderwhy,Verse,Wolf Alice,The Wonderwhy (Hidden Track),Wolf Alice
2149661,My Love Is Cool,Bring on the days when I don't give a...,Verse,Wolf Alice,The Wonderwhy (Hidden Track),Wolf Alice
2149661,My Love Is Cool,And all I ever seek is pleasure,Verse,Wolf Alice,The Wonderwhy (Hidden Track),Wolf Alice
2149661,My Love Is Cool,And I find thrill in sin and desire,Verse,Wolf Alice,The Wonderwhy (Hidden Track),Wolf Alice
2149661,My Love Is Cool,And warm my toes on Hell's fire,Verse,Wolf Alice,The Wonderwhy (Hidden Track),Wolf Alice
2149661,My Love Is Cool,Don't leave me here when I'm not sold,Chorus,Wolf Alice,The Wonderwhy (Hidden Track),Wolf Alice
2149661,My Love Is Cool,Don't leave me here when I'm not sold,Chorus,Wolf Alice,The Wonderwhy (Hidden Track),Wolf Alice
2149661,My Love Is Cool,Don't leave me here when I'm not sold,Chorus,Wolf Alice,The Wonderwhy (Hidden Track),Wolf Alice
2149661,My Love Is Cool,Don't leave me here when I'm not sold,Chorus,Wolf Alice,The Wonderwhy (Hidden Track),Wolf Alice
2149661,My Love Is Cool,Don't leave me here when I'm not sold,Chorus,Wolf Alice,The Wonderwhy (Hidden Track),Wolf Alice
2149661,My Love Is Cool,Don't leave me here when I'm not sold,Chorus,Wolf Alice,The Wonderwhy (Hidden Track),Wolf Alice
2149661,My Love Is Cool,Don't leave me here when I'm not sold,Chorus,Wolf Alice,The Wonderwhy (Hidden Track),Wolf Alice
2149661,My Love Is Cool,Don't leave me here when I'm not sold,Chorus,Wolf Alice,The Wonderwhy (Hidden Track),Wolf Alice
2149661,My Love Is Cool,Don't leave me here,Breakdown,Wolf Alice,The Wonderwhy (Hidden Track),Wolf Alice
2149661,My Love Is Cool,Leave me thinking for myself,Breakdown,Wolf Alice,The Wonderwhy (Hidden Track),Wolf Alice
2149661,My Love Is Cool,When I can't remember the days of the week,Breakdown,Wolf Alice,The Wonderwhy (Hidden Track),Wolf Alice
2149661,My Love Is Cool,"The weeks of the month, and the months of the year",Breakdown,Wolf Alice,The Wonderwhy (Hidden Track),Wolf Alice
2149661,My Love Is Cool,Where do we go? Go from here?,Breakdown,Wolf Alice,The Wonderwhy (Hidden Track),Wolf Alice
2149661,My Love Is Cool,Sit writing lists and just wait for things to appear?,Breakdown,Wolf Alice,The Wonderwhy (Hidden Track),Wolf Alice
2149661,My Love Is Cool,Don't leave me here at sixes and sevens,Outro,Wolf Alice,The Wonderwhy (Hidden Track),Wolf Alice
2149661,My Love Is Cool,Shot to pieces begging the heavens,Outro,Wolf Alice,The Wonderwhy (Hidden Track),Wolf Alice
2149661,My Love Is Cool,Begging hellfire and rattling the gate,Outro,Wolf Alice,The Wonderwhy (Hidden Track),Wolf Alice
2149661,My Love Is Cool,Starting a riot and planning escape,Outro,Wolf Alice,The Wonderwhy (Hidden Track),Wolf Alice
2149661,My Love Is Cool,Baby's growing up and asking questions,Outro,Wolf Alice,The Wonderwhy (Hidden Track),Wolf Alice
2149661,My Love Is Cool,Looking for help for life in lessons,Outro,Wolf Alice,The Wonderwhy (Hidden Track),Wolf Alice
2149661,My Love Is Cool,"Baby's growing up, a life explosion",Outro,Wolf Alice,The Wonderwhy (Hidden Track),Wolf Alice
2149661,My Love Is Cool,"Drinking the milk, but locking the bedroom",Outro,Wolf Alice,The Wonderwhy (Hidden Track),Wolf Alice
2149661,My Love Is Cool,"Don't leave me here, I'm not sold",Outro,Wolf Alice,The Wonderwhy (Hidden Track),Wolf Alice
2149661,My Love Is Cool,"Don't leave me here, I'm not sold",Outro,Wolf Alice,The Wonderwhy (Hidden Track),Wolf Alice
2149661,My Love Is Cool,I spied you on the tall brick wall,Hidden Track,Wolf Alice,The Wonderwhy (Hidden Track),Wolf Alice
2149661,My Love Is Cool,You sat smoking cigarettes,Hidden Track,Wolf Alice,The Wonderwhy (Hidden Track),Wolf Alice
2149661,My Love Is Cool,"Teach me, teach me, teach me rock 'n' roll",Hidden Track,Wolf Alice,The Wonderwhy (Hidden Track),Wolf Alice
2149661,My Love Is Cool,"No, I'm not a fighter",Hidden Track,Wolf Alice,The Wonderwhy (Hidden Track),Wolf Alice
2149661,My Love Is Cool,I'm just angry all the time,Hidden Track,Wolf Alice,The Wonderwhy (Hidden Track),Wolf Alice
2149661,My Love Is Cool,"So teach me, teach me, teach me rock 'n' roll",Hidden Track,Wolf Alice,The Wonderwhy (Hidden Track),Wolf Alice
2149661,My Love Is Cool,My love bends rules,Hidden Track,Wolf Alice,The Wonderwhy (Hidden Track),Wolf Alice
2149661,My Love Is Cool,My love is cool,Hidden Track,Wolf Alice,The Wonderwhy (Hidden Track),Wolf Alice
2149661,My Love Is Cool,My love bends rules,Hidden Track,Wolf Alice,The Wonderwhy (Hidden Track),Wolf Alice
2149661,My Love Is Cool,My love is cool,Hidden Track,Wolf Alice,The Wonderwhy (Hidden Track),Wolf Alice
2149661,My Love Is Cool,La-la-la-la la-la-la-la,Hidden Track,Wolf Alice,The Wonderwhy (Hidden Track),Wolf Alice
2149661,My Love Is Cool,La-la-la-la la-la-la-la,Hidden Track,Wolf Alice,The Wonderwhy (Hidden Track),Wolf Alice
6507951,Blue Weekend,Who were you to ask for anything more?,Verse 1,Wolf Alice,The Last Man on Earth,Wolf Alice
6507951,Blue Weekend,Do you wait for your dancing lessons to be sent from God?,Verse 1,Wolf Alice,The Last Man on Earth,Wolf Alice
6507951,Blue Weekend,You'd like His light to shine on you,Verse 1,Wolf Alice,The Last Man on Earth,Wolf Alice
6507951,Blue Weekend,You've really missed a trick when it comes to love,Verse 1,Wolf Alice,The Last Man on Earth,Wolf Alice
6507951,Blue Weekend,"Always seeking what you don't have, like what you do ain't enough",Verse 1,Wolf Alice,The Last Man on Earth,Wolf Alice
6507951,Blue Weekend,You'd like a light to shine on you,Verse 1,Wolf Alice,The Last Man on Earth,Wolf Alice
6507951,Blue Weekend,And every book you take,Pre-Chorus,Wolf Alice,The Last Man on Earth,Wolf Alice
6507951,Blue Weekend,And you dust off from the shelf,Pre-Chorus,Wolf Alice,The Last Man on Earth,Wolf Alice
6507951,Blue Weekend,Has lines between lines between lines,Pre-Chorus,Wolf Alice,The Last Man on Earth,Wolf Alice
6507951,Blue Weekend,That you read about yourself,Pre-Chorus,Wolf Alice,The Last Man on Earth,Wolf Alice
6507951,Blue Weekend,But does a light shine on you?,Pre-Chorus,Wolf Alice,The Last Man on Earth,Wolf Alice
6507951,Blue Weekend,And when your friends are talking,Chorus,Wolf Alice,The Last Man on Earth,Wolf Alice
6507951,Blue Weekend,You hardly hear a word,Chorus,Wolf Alice,The Last Man on Earth,Wolf Alice
6507951,Blue Weekend,You were the first person herе,Chorus,Wolf Alice,The Last Man on Earth,Wolf Alice
6507951,Blue Weekend,And the last man on the Earth,Chorus,Wolf Alice,The Last Man on Earth,Wolf Alice
6507951,Blue Weekend,But does a light shinе on you?,Chorus,Wolf Alice,The Last Man on Earth,Wolf Alice
6507951,Blue Weekend,Who are you to ask for anything else?,Verse 2,Wolf Alice,The Last Man on Earth,Wolf Alice
6507951,Blue Weekend,The thing you should be asking is for help,Verse 2,Wolf Alice,The Last Man on Earth,Wolf Alice
6507951,Blue Weekend,You'd like a light to shine on you,Verse 2,Wolf Alice,The Last Man on Earth,Wolf Alice
6507951,Blue Weekend,Let it shine on you,Bridge,Wolf Alice,The Last Man on Earth,Wolf Alice
6507951,Blue Weekend,Let it shine on you,Bridge,Wolf Alice,The Last Man on Earth,Wolf Alice
6507951,Blue Weekend,A penny for your truth,Pre-Chorus,Wolf Alice,The Last Man on Earth,Wolf Alice
6507951,Blue Weekend,Well I hedge my bets on wealth,Pre-Chorus,Wolf Alice,The Last Man on Earth,Wolf Alice
6507951,Blue Weekend,'Cause it's lies after lies after lies,Pre-Chorus,Wolf Alice,The Last Man on Earth,Wolf Alice
6507951,Blue Weekend,But do you even fool yourself?,Pre-Chorus,Wolf Alice,The Last Man on Earth,Wolf Alice
6507951,Blue Weekend,And then the light shines on you,Pre-Chorus,Wolf Alice,The Last Man on Earth,Wolf Alice
6507951,Blue Weekend,And when your friends are talking,Chorus,Wolf Alice,The Last Man on Earth,Wolf Alice
6507951,Blue Weekend,You hardly hear a word,Chorus,Wolf Alice,The Last Man on Earth,Wolf Alice
6507951,Blue Weekend,You were the first person here,Chorus,Wolf Alice,The Last Man on Earth,Wolf Alice
6507951,Blue Weekend,And the last man on the Earth,Chorus,Wolf Alice,The Last Man on Earth,Wolf Alice
6507951,Blue Weekend,But the light,Chorus,Wolf Alice,The Last Man on Earth,Wolf Alice
6507951,Blue Weekend,Who were you to ask for anything more?,Verse 1,Wolf Alice,The Last Man on Earth,Wolf Alice
6507951,Blue Weekend,Do you wait for your dancing lessons to be sent from God?,Verse 1,Wolf Alice,The Last Man on Earth,Wolf Alice
6507951,Blue Weekend,You'd like His light to shine on you,Verse 1,Wolf Alice,The Last Man on Earth,Wolf Alice
6507951,Blue Weekend,You've really missed a trick when it comes to love,Verse 1,Wolf Alice,The Last Man on Earth,Wolf Alice
6507951,Blue Weekend,"Always seeking what you don't have, like what you do ain't enough",Verse 1,Wolf Alice,The Last Man on Earth,Wolf Alice
6507951,Blue Weekend,You'd like a light to shine on you,Verse 1,Wolf Alice,The Last Man on Earth,Wolf Alice
6507951,Blue Weekend,And every book you take,Pre-Chorus,Wolf Alice,The Last Man on Earth,Wolf Alice
6507951,Blue Weekend,And you dust off from the shelf,Pre-Chorus,Wolf Alice,The Last Man on Earth,Wolf Alice
6507951,Blue Weekend,Has lines between lines between lines,Pre-Chorus,Wolf Alice,The Last Man on Earth,Wolf Alice
6507951,Blue Weekend,That you read about yourself,Pre-Chorus,Wolf Alice,The Last Man on Earth,Wolf Alice
6507951,Blue Weekend,But does a light shine on you?,Pre-Chorus,Wolf Alice,The Last Man on Earth,Wolf Alice
6507951,Blue Weekend,And when your friends are talking,Chorus,Wolf Alice,The Last Man on Earth,Wolf Alice
6507951,Blue Weekend,You hardly hear a word,Chorus,Wolf Alice,The Last Man on Earth,Wolf Alice
6507951,Blue Weekend,You were the first person herе,Chorus,Wolf Alice,The Last Man on Earth,Wolf Alice
6507951,Blue Weekend,And the last man on the Earth,Chorus,Wolf Alice,The Last Man on Earth,Wolf Alice
6507951,Blue Weekend,But does a light shinе on you?,Chorus,Wolf Alice,The Last Man on Earth,Wolf Alice
6507951,Blue Weekend,Who are you to ask for anything else?,Verse 2,Wolf Alice,The Last Man on Earth,Wolf Alice
6507951,Blue Weekend,The thing you should be asking is for help,Verse 2,Wolf Alice,The Last Man on Earth,Wolf Alice
6507951,Blue Weekend,You'd like a light to shine on you,Verse 2,Wolf Alice,The Last Man on Earth,Wolf Alice
6507951,Blue Weekend,Let it shine on you,Bridge,Wolf Alice,The Last Man on Earth,Wolf Alice
6507951,Blue Weekend,Let it shine on you,Bridge,Wolf Alice,The Last Man on Earth,Wolf Alice
6507951,Blue Weekend,A penny for your truth,Pre-Chorus,Wolf Alice,The Last Man on Earth,Wolf Alice
6507951,Blue Weekend,Well I hedge my bets on wealth,Pre-Chorus,Wolf Alice,The Last Man on Earth,Wolf Alice
6507951,Blue Weekend,'Cause it's lies after lies after lies,Pre-Chorus,Wolf Alice,The Last Man on Earth,Wolf Alice
6507951,Blue Weekend,But do you even fool yourself?,Pre-Chorus,Wolf Alice,The Last Man on Earth,Wolf Alice
6507951,Blue Weekend,And then the light shines on you,Pre-Chorus,Wolf Alice,The Last Man on Earth,Wolf Alice
6507951,Blue Weekend,And when your friends are talking,Chorus,Wolf Alice,The Last Man on Earth,Wolf Alice
6507951,Blue Weekend,You hardly hear a word,Chorus,Wolf Alice,The Last Man on Earth,Wolf Alice
6507951,Blue Weekend,You were the first person here,Chorus,Wolf Alice,The Last Man on Earth,Wolf Alice
6507951,Blue Weekend,And the last man on the Earth,Chorus,Wolf Alice,The Last Man on Earth,Wolf Alice
6507951,Blue Weekend,But the light,Chorus,Wolf Alice,The Last Man on Earth,Wolf Alice
6525040,Blue Weekend,I sip my wine from a plastic cup,Verse 1,Wolf Alice,The Beach II,Wolf Alice
6525040,Blue Weekend,Throw stones in to another,Verse 1,Wolf Alice,The Beach II,Wolf Alice
6525040,Blue Weekend,While the sun heats up my liquid rose,Verse 1,Wolf Alice,The Beach II,Wolf Alice
6525040,Blue Weekend,And it shines the same fine colour,Verse 1,Wolf Alice,The Beach II,Wolf Alice
6525040,Blue Weekend,"The tide comes in, as it must go out",Verse 1,Wolf Alice,The Beach II,Wolf Alice
6525040,Blue Weekend,Consistent like the laughter,Verse 1,Wolf Alice,The Beach II,Wolf Alice
6525040,Blue Weekend,"Of the girls on the beach, my girls on the beach",Verse 1,Wolf Alice,The Beach II,Wolf Alice
6525040,Blue Weekend,Happy ever after,Verse 1,Wolf Alice,The Beach II,Wolf Alice
6525040,Blue Weekend,Okay (It's okay),Chorus,Wolf Alice,The Beach II,Wolf Alice
6525040,Blue Weekend,Girls on the beach,Chorus,Wolf Alice,The Beach II,Wolf Alice
6525040,Blue Weekend,My girls on the beach,Chorus,Wolf Alice,The Beach II,Wolf Alice
6525040,Blue Weekend,Okay,Chorus,Wolf Alice,The Beach II,Wolf Alice
6525040,Blue Weekend,"Girls on the beach, my, my",Chorus,Wolf Alice,The Beach II,Wolf Alice
6525040,Blue Weekend,"Skimming stones, I don't care what floats",Verse 2,Wolf Alice,The Beach II,Wolf Alice
6525040,Blue Weekend,When I look out beyond the water,Verse 2,Wolf Alice,The Beach II,Wolf Alice
6525040,Blue Weekend,"The waves lick our feet (lick our feet), our hands meet (our hands meet)",Verse 2,Wolf Alice,The Beach II,Wolf Alice
6525040,Blue Weekend,Mother Nature's daughtеrs,Verse 2,Wolf Alice,The Beach II,Wolf Alice
6525040,Blue Weekend,"And the sun goes down, as it must come up",Verse 2,Wolf Alice,The Beach II,Wolf Alice
6525040,Blue Weekend,Consistеnt like the laughter,Verse 2,Wolf Alice,The Beach II,Wolf Alice
6525040,Blue Weekend,"Of the girls on the beach, my girls on the beach",Verse 2,Wolf Alice,The Beach II,Wolf Alice
6525040,Blue Weekend,Happy ever after,Verse 2,Wolf Alice,The Beach II,Wolf Alice
6525040,Blue Weekend,Okay (It's okay),Chorus,Wolf Alice,The Beach II,Wolf Alice
6525040,Blue Weekend,Girls on the beach,Chorus,Wolf Alice,The Beach II,Wolf Alice
6525040,Blue Weekend,My girls on the beach,Chorus,Wolf Alice,The Beach II,Wolf Alice
6525040,Blue Weekend,Okay,Chorus,Wolf Alice,The Beach II,Wolf Alice
6525040,Blue Weekend,"Girls on the beach, my",Chorus,Wolf Alice,The Beach II,Wolf Alice
6525040,Blue Weekend,My,Outro,Wolf Alice,The Beach II,Wolf Alice
6525040,Blue Weekend,Okay,Outro,Wolf Alice,The Beach II,Wolf Alice
6525040,Blue Weekend,My,Outro,Wolf Alice,The Beach II,Wolf Alice
6525040,Blue Weekend,Happy ever after,Outro,Wolf Alice,The Beach II,Wolf Alice
6525040,Blue Weekend,It's okay,Outro,Wolf Alice,The Beach II,Wolf Alice
6522062,Blue Weekend,When will we three meet again?,Verse 1,Wolf Alice,The Beach,Wolf Alice
6522062,Blue Weekend,"In thunder, lightning, in rain",Verse 1,Wolf Alice,The Beach,Wolf Alice
6522062,Blue Weekend,Still sink our drinks like every weekend,Verse 1,Wolf Alice,The Beach,Wolf Alice
6522062,Blue Weekend,"But I'm sick of circling the drain (drain, drain, drain)",Verse 1,Wolf Alice,The Beach,Wolf Alice
6522062,Blue Weekend,"Let me off, let me in",Chorus,Wolf Alice,The Beach,Wolf Alice
6522062,Blue Weekend,Let others battle,Chorus,Wolf Alice,The Beach,Wolf Alice
6522062,Blue Weekend,We don't need to battle and we both shall win,Chorus,Wolf Alice,The Beach,Wolf Alice
6522062,Blue Weekend,When will we meet eye to eye?,Verse 2,Wolf Alice,The Beach,Wolf Alice
6522062,Blue Weekend,We clink the glass but we look at the floor,Verse 2,Wolf Alice,The Beach,Wolf Alice
6522062,Blue Weekend,Are we still friends if all I feel is afraid?,Verse 2,Wolf Alice,The Beach,Wolf Alice
6522062,Blue Weekend,You're not a bitch but just a bit when you're bored,Verse 2,Wolf Alice,The Beach,Wolf Alice
6522062,Blue Weekend,"Let me off, let me in",Chorus,Wolf Alice,The Beach,Wolf Alice
6522062,Blue Weekend,Let others battle,Chorus,Wolf Alice,The Beach,Wolf Alice
6522062,Blue Weekend,Wе don't need to battle and we both shall win,Chorus,Wolf Alice,The Beach,Wolf Alice
6522062,Blue Weekend,"Let mе off, let me in",Chorus,Wolf Alice,The Beach,Wolf Alice
6522062,Blue Weekend,Let others battle,Chorus,Wolf Alice,The Beach,Wolf Alice
6522062,Blue Weekend,We don't need to battle and we both shall win,Chorus,Wolf Alice,The Beach,Wolf Alice
6522062,Blue Weekend,Pressed in my palm (Pressed in my palm),Outro,Wolf Alice,The Beach,Wolf Alice
6522062,Blue Weekend,Was a stone from the beach (A stone from the beach),Outro,Wolf Alice,The Beach,Wolf Alice
6522062,Blue Weekend,The perfect circle (The perfect circle),Outro,Wolf Alice,The Beach,Wolf Alice
6522062,Blue Weekend,Gave a moment of peace (Gave a moment of peace),Outro,Wolf Alice,The Beach,Wolf Alice
6522062,Blue Weekend,Now I'm lying on the floor (I'm lying on the floor),Outro,Wolf Alice,The Beach,Wolf Alice
6522062,Blue Weekend,Like I'm not worth a chair (Not worth a chair),Outro,Wolf Alice,The Beach,Wolf Alice
6522062,Blue Weekend,I close my eyes and imagine I'm not there,Outro,Wolf Alice,The Beach,Wolf Alice
2149653,My Love Is Cool,"Swallowtail, I met you up atop The Shard",Verse 1,Wolf Alice,Swallowtail,Wolf Alice
2149653,My Love Is Cool,"As we fell, I never thought we'd hit this hard",Verse 1,Wolf Alice,Swallowtail,Wolf Alice
2149653,My Love Is Cool,"It's not right, but it's too late for that now",Verse 1,Wolf Alice,Swallowtail,Wolf Alice
2149653,My Love Is Cool,"Swallow fear, and head straight down into the ground",Verse 1,Wolf Alice,Swallowtail,Wolf Alice
2149653,My Love Is Cool,And head straight down into the crowd,Chorus,Wolf Alice,Swallowtail,Wolf Alice
2149653,My Love Is Cool,The crowd that you've been leaning on,Chorus,Wolf Alice,Swallowtail,Wolf Alice
2149653,My Love Is Cool,To the crowd,Chorus,Wolf Alice,Swallowtail,Wolf Alice
2149653,My Love Is Cool,The crowd that you believed were gone,Chorus,Wolf Alice,Swallowtail,Wolf Alice
2149653,My Love Is Cool,"Swallowtail, I met you up atop The Shard",Verse 2,Wolf Alice,Swallowtail,Wolf Alice
2149653,My Love Is Cool,"As we fell, I never thought we'd hit this hard",Verse 2,Wolf Alice,Swallowtail,Wolf Alice
2149653,My Love Is Cool,"It's not right, but it's too late for that now",Verse 2,Wolf Alice,Swallowtail,Wolf Alice
2149653,My Love Is Cool,"Swallow fear, and head straight down into the ground",Verse 2,Wolf Alice,Swallowtail,Wolf Alice
2149653,My Love Is Cool,And head straight down into the crowd,Chorus,Wolf Alice,Swallowtail,Wolf Alice
2149653,My Love Is Cool,The crowd that you've been leaning on,Chorus,Wolf Alice,Swallowtail,Wolf Alice
2149653,My Love Is Cool,To the crowd,Chorus,Wolf Alice,Swallowtail,Wolf Alice
2149653,My Love Is Cool,The crowd that you believed were gone,Chorus,Wolf Alice,Swallowtail,Wolf Alice
2149653,My Love Is Cool,"Swallowtail, I met you up atop The Shard",Verse 3,Wolf Alice,Swallowtail,Wolf Alice
2149653,My Love Is Cool,"As we fell, I never thought we'd hit this hard",Verse 3,Wolf Alice,Swallowtail,Wolf Alice
2149653,My Love Is Cool,"It's not right, but it's too late for that now",Verse 3,Wolf Alice,Swallowtail,Wolf Alice
2149653,My Love Is Cool,"Swallow fear, and head straight down into the ground",Verse 3,Wolf Alice,Swallowtail,Wolf Alice
2149653,My Love Is Cool,And head straight down into the crowd,Chorus,Wolf Alice,Swallowtail,Wolf Alice
2149653,My Love Is Cool,The crowd that you've been leaning on,Chorus,Wolf Alice,Swallowtail,Wolf Alice
2149653,My Love Is Cool,To the crowd,Chorus,Wolf Alice,Swallowtail,Wolf Alice
2149653,My Love Is Cool,The crowd that you believed were gone,Chorus,Wolf Alice,Swallowtail,Wolf Alice
782488,My Love Is Cool,I wrote my name on the bathroom door,Verse 1,Wolf Alice,Storms,Wolf Alice
782488,My Love Is Cool,I was here,Verse 1,Wolf Alice,Storms,Wolf Alice
782488,My Love Is Cool,Afraid to seek more,Verse 1,Wolf Alice,Storms,Wolf Alice
782488,My Love Is Cool,Close my eyes on this violet night,Verse 1,Wolf Alice,Storms,Wolf Alice
782488,My Love Is Cool,I'm still here,Verse 1,Wolf Alice,Storms,Wolf Alice
782488,My Love Is Cool,Dead in your life,Verse 1,Wolf Alice,Storms,Wolf Alice
782488,My Love Is Cool,Time doesn't slow,Pre-Chorus,Wolf Alice,Storms,Wolf Alice
782488,My Love Is Cool,The world won't lend hands,Pre-Chorus,Wolf Alice,Storms,Wolf Alice
782488,My Love Is Cool,What you've got to show,Pre-Chorus,Wolf Alice,Storms,Wolf Alice
782488,My Love Is Cool,And who are your friends,Pre-Chorus,Wolf Alice,Storms,Wolf Alice
782488,My Love Is Cool,"Your friends, your friends",Chorus,Wolf Alice,Storms,Wolf Alice
782488,My Love Is Cool,"Your friends, your friends",Chorus,Wolf Alice,Storms,Wolf Alice
782488,My Love Is Cool,"Your friends, your friends",Chorus,Wolf Alice,Storms,Wolf Alice
782488,My Love Is Cool,"Your friends, your friends",Chorus,Wolf Alice,Storms,Wolf Alice
782488,My Love Is Cool,"Your friends, your friends",Chorus,Wolf Alice,Storms,Wolf Alice
782488,My Love Is Cool,"Your friends, your friends",Chorus,Wolf Alice,Storms,Wolf Alice
782488,My Love Is Cool,"Your friends, your friends",Chorus,Wolf Alice,Storms,Wolf Alice
782488,My Love Is Cool,"Your friends, your friends",Chorus,Wolf Alice,Storms,Wolf Alice
782488,My Love Is Cool,Your friends,Chorus,Wolf Alice,Storms,Wolf Alice
782488,My Love Is Cool,For black paint says nobody cares,Verse 2,Wolf Alice,Storms,Wolf Alice
782488,My Love Is Cool,That I was here,Verse 2,Wolf Alice,Storms,Wolf Alice
782488,My Love Is Cool,"Yeah, I'm full well aware",Verse 2,Wolf Alice,Storms,Wolf Alice
782488,My Love Is Cool,That I'm a slave to my demons,Verse 2,Wolf Alice,Storms,Wolf Alice
782488,My Love Is Cool,And my demons are dead,Verse 2,Wolf Alice,Storms,Wolf Alice
782488,My Love Is Cool,"Excuses to stay, and my demon's my friend",Verse 2,Wolf Alice,Storms,Wolf Alice
782488,My Love Is Cool,"So fight me, find me",Verse 2,Wolf Alice,Storms,Wolf Alice
782488,My Love Is Cool,Send an angel,Verse 2,Wolf Alice,Storms,Wolf Alice
782488,My Love Is Cool,Time doesn't slow,Pre-Chorus,Wolf Alice,Storms,Wolf Alice
782488,My Love Is Cool,The world won't lend hands,Pre-Chorus,Wolf Alice,Storms,Wolf Alice
782488,My Love Is Cool,What you've got to show,Pre-Chorus,Wolf Alice,Storms,Wolf Alice
782488,My Love Is Cool,And who are your friends,Pre-Chorus,Wolf Alice,Storms,Wolf Alice
782488,My Love Is Cool,"Your friends, your friends",Chorus,Wolf Alice,Storms,Wolf Alice
782488,My Love Is Cool,"Your friends, your friends",Chorus,Wolf Alice,Storms,Wolf Alice
782488,My Love Is Cool,"Your friends, your friends",Chorus,Wolf Alice,Storms,Wolf Alice
782488,My Love Is Cool,"Your friends, your friends",Chorus,Wolf Alice,Storms,Wolf Alice
782488,My Love Is Cool,"Your friends, your friends",Chorus,Wolf Alice,Storms,Wolf Alice
782488,My Love Is Cool,"Your friends, your friends",Chorus,Wolf Alice,Storms,Wolf Alice
782488,My Love Is Cool,"Your friends, your friends",Chorus,Wolf Alice,Storms,Wolf Alice
782488,My Love Is Cool,"Your friends, your friends",Chorus,Wolf Alice,Storms,Wolf Alice
782488,My Love Is Cool,Your friends,Chorus,Wolf Alice,Storms,Wolf Alice
782488,My Love Is Cool,Your friends,Outro,Wolf Alice,Storms,Wolf Alice
782488,My Love Is Cool,Hey!,Outro,Wolf Alice,Storms,Wolf Alice
782488,My Love Is Cool,Hey!,Outro,Wolf Alice,Storms,Wolf Alice
782488,My Love Is Cool,Boo!,Outro,Wolf Alice,Storms,Wolf Alice
782488,My Love Is Cool,Hey!,Outro,Wolf Alice,Storms,Wolf Alice
782488,My Love Is Cool,I wrote my name on the bathroom door,Verse 1,Wolf Alice,Storms,Wolf Alice
782488,My Love Is Cool,I was here,Verse 1,Wolf Alice,Storms,Wolf Alice
782488,My Love Is Cool,Afraid to seek more,Verse 1,Wolf Alice,Storms,Wolf Alice
782488,My Love Is Cool,Close my eyes on this violet night,Verse 1,Wolf Alice,Storms,Wolf Alice
782488,My Love Is Cool,I'm still here,Verse 1,Wolf Alice,Storms,Wolf Alice
782488,My Love Is Cool,Dead in your life,Verse 1,Wolf Alice,Storms,Wolf Alice
782488,My Love Is Cool,Time doesn't slow,Pre-Chorus,Wolf Alice,Storms,Wolf Alice
782488,My Love Is Cool,The world won't lend hands,Pre-Chorus,Wolf Alice,Storms,Wolf Alice
782488,My Love Is Cool,What you've got to show,Pre-Chorus,Wolf Alice,Storms,Wolf Alice
782488,My Love Is Cool,And who are your friends,Pre-Chorus,Wolf Alice,Storms,Wolf Alice
782488,My Love Is Cool,"Your friends, your friends",Chorus,Wolf Alice,Storms,Wolf Alice
782488,My Love Is Cool,"Your friends, your friends",Chorus,Wolf Alice,Storms,Wolf Alice
782488,My Love Is Cool,"Your friends, your friends",Chorus,Wolf Alice,Storms,Wolf Alice
782488,My Love Is Cool,"Your friends, your friends",Chorus,Wolf Alice,Storms,Wolf Alice
782488,My Love Is Cool,"Your friends, your friends",Chorus,Wolf Alice,Storms,Wolf Alice
782488,My Love Is Cool,"Your friends, your friends",Chorus,Wolf Alice,Storms,Wolf Alice
782488,My Love Is Cool,"Your friends, your friends",Chorus,Wolf Alice,Storms,Wolf Alice
782488,My Love Is Cool,"Your friends, your friends",Chorus,Wolf Alice,Storms,Wolf Alice
782488,My Love Is Cool,Your friends,Chorus,Wolf Alice,Storms,Wolf Alice
782488,My Love Is Cool,For black paint says nobody cares,Verse 2,Wolf Alice,Storms,Wolf Alice
782488,My Love Is Cool,That I was here,Verse 2,Wolf Alice,Storms,Wolf Alice
782488,My Love Is Cool,"Yeah, I'm full well aware",Verse 2,Wolf Alice,Storms,Wolf Alice
782488,My Love Is Cool,That I'm a slave to my demons,Verse 2,Wolf Alice,Storms,Wolf Alice
782488,My Love Is Cool,And my demons are dead,Verse 2,Wolf Alice,Storms,Wolf Alice
782488,My Love Is Cool,"Excuses to stay, and my demon's my friend",Verse 2,Wolf Alice,Storms,Wolf Alice
782488,My Love Is Cool,"So fight me, find me",Verse 2,Wolf Alice,Storms,Wolf Alice
782488,My Love Is Cool,Send an angel,Verse 2,Wolf Alice,Storms,Wolf Alice
782488,My Love Is Cool,Time doesn't slow,Pre-Chorus,Wolf Alice,Storms,Wolf Alice
782488,My Love Is Cool,The world won't lend hands,Pre-Chorus,Wolf Alice,Storms,Wolf Alice
782488,My Love Is Cool,What you've got to show,Pre-Chorus,Wolf Alice,Storms,Wolf Alice
782488,My Love Is Cool,And who are your friends,Pre-Chorus,Wolf Alice,Storms,Wolf Alice
782488,My Love Is Cool,"Your friends, your friends",Chorus,Wolf Alice,Storms,Wolf Alice
782488,My Love Is Cool,"Your friends, your friends",Chorus,Wolf Alice,Storms,Wolf Alice
782488,My Love Is Cool,"Your friends, your friends",Chorus,Wolf Alice,Storms,Wolf Alice
782488,My Love Is Cool,"Your friends, your friends",Chorus,Wolf Alice,Storms,Wolf Alice
782488,My Love Is Cool,"Your friends, your friends",Chorus,Wolf Alice,Storms,Wolf Alice
782488,My Love Is Cool,"Your friends, your friends",Chorus,Wolf Alice,Storms,Wolf Alice
782488,My Love Is Cool,"Your friends, your friends",Chorus,Wolf Alice,Storms,Wolf Alice
782488,My Love Is Cool,"Your friends, your friends",Chorus,Wolf Alice,Storms,Wolf Alice
782488,My Love Is Cool,Your friends,Chorus,Wolf Alice,Storms,Wolf Alice
782488,My Love Is Cool,Your friends,Outro,Wolf Alice,Storms,Wolf Alice
782488,My Love Is Cool,Hey!,Outro,Wolf Alice,Storms,Wolf Alice
782488,My Love Is Cool,Hey!,Outro,Wolf Alice,Storms,Wolf Alice
782488,My Love Is Cool,Boo!,Outro,Wolf Alice,Storms,Wolf Alice
782488,My Love Is Cool,Hey!,Outro,Wolf Alice,Storms,Wolf Alice
3101713,Visions of a Life,How high do planes fly?,Verse 1,Wolf Alice,Sky Musings,Wolf Alice
3101713,Visions of a Life,"40,000 feet in the sky is how high",Verse 1,Wolf Alice,Sky Musings,Wolf Alice
3101713,Visions of a Life,Is it the pressure 'cause I’m out of my mind,Verse 1,Wolf Alice,Sky Musings,Wolf Alice
3101713,Visions of a Life,A compressed lack of oxygen making me high,Verse 1,Wolf Alice,Sky Musings,Wolf Alice
3101713,Visions of a Life,And these nighttime plane movies,Verse 1,Wolf Alice,Sky Musings,Wolf Alice
3101713,Visions of a Life,Are prompting sky musings,Verse 1,Wolf Alice,Sky Musings,Wolf Alice
3101713,Visions of a Life,Life seems so confusing,Verse 1,Wolf Alice,Sky Musings,Wolf Alice
3101713,Visions of a Life,"Fear inducing, tears producing",Verse 1,Wolf Alice,Sky Musings,Wolf Alice
3101713,Visions of a Life,Maybe it's this mini wine,Verse 2,Wolf Alice,Sky Musings,Wolf Alice
3101713,Visions of a Life,Maybe it’s this storyline,Verse 2,Wolf Alice,Sky Musings,Wolf Alice
3101713,Visions of a Life,Two people fall in love on the night of their lives,Verse 2,Wolf Alice,Sky Musings,Wolf Alice
3101713,Visions of a Life,"Never meet again 'til he’s married, has a wife",Verse 2,Wolf Alice,Sky Musings,Wolf Alice
3101713,Visions of a Life,And now I think of all the people I've cared for,Verse 2,Wolf Alice,Sky Musings,Wolf Alice
3101713,Visions of a Life,Did love pass me by when I had feelings I was scared of?,Verse 2,Wolf Alice,Sky Musings,Wolf Alice
3101713,Visions of a Life,'Cause I feel so... when I should feel...,Verse 2,Wolf Alice,Sky Musings,Wolf Alice
3101713,Visions of a Life,I feel so... when I should feel...,Verse 2,Wolf Alice,Sky Musings,Wolf Alice
3101713,Visions of a Life,Stupid thoughts for a stupid girl!,Verse 3,Wolf Alice,Sky Musings,Wolf Alice
3101713,Visions of a Life,"Look out of your window, you’re on top of the world",Verse 3,Wolf Alice,Sky Musings,Wolf Alice
3101713,Visions of a Life,23 years old and you’re acting like it’s over,Verse 3,Wolf Alice,Sky Musings,Wolf Alice
3101713,Visions of a Life,"Only over if we crash, hit the ground down below us",Verse 3,Wolf Alice,Sky Musings,Wolf Alice
3101713,Visions of a Life,If we crash,Verse 3,Wolf Alice,Sky Musings,Wolf Alice
3101713,Visions of a Life,If we crash,Verse 3,Wolf Alice,Sky Musings,Wolf Alice
3101713,Visions of a Life,Imagine that,Verse 3,Wolf Alice,Sky Musings,Wolf Alice
3101713,Visions of a Life,If we crash,Verse 3,Wolf Alice,Sky Musings,Wolf Alice
3101713,Visions of a Life,I don't wanna land no more,Verse 4,Wolf Alice,Sky Musings,Wolf Alice
3101713,Visions of a Life,Sink my feet into the sand no more,Verse 4,Wolf Alice,Sky Musings,Wolf Alice
3101713,Visions of a Life,I'll float forever in the interim,Verse 4,Wolf Alice,Sky Musings,Wolf Alice
3101713,Visions of a Life,No place in particular,Verse 4,Wolf Alice,Sky Musings,Wolf Alice
3101713,Visions of a Life,"No sink or swim, just fly",Verse 4,Wolf Alice,Sky Musings,Wolf Alice
3101713,Visions of a Life,I don't understand no more,Verse 4,Wolf Alice,Sky Musings,Wolf Alice
3101713,Visions of a Life,I had life figured out before,Verse 4,Wolf Alice,Sky Musings,Wolf Alice
3101713,Visions of a Life,Will my head stay up in the clouds,Verse 4,Wolf Alice,Sky Musings,Wolf Alice
3101713,Visions of a Life,When they open those dark and heavy metallic doors?,Verse 4,Wolf Alice,Sky Musings,Wolf Alice
3101713,Visions of a Life,"""20 minutes before we're back on the ground""",Verse 5,Wolf Alice,Sky Musings,Wolf Alice
3101713,Visions of a Life,"No, keep this thing going",Verse 5,Wolf Alice,Sky Musings,Wolf Alice
3101713,Visions of a Life,Turn this fucking thing around,Verse 5,Wolf Alice,Sky Musings,Wolf Alice
3101713,Visions of a Life,"""Ma'am, you need to wear your safety belt""",Verse 5,Wolf Alice,Sky Musings,Wolf Alice
3101713,Visions of a Life,"Well, wring it round my neck, maybe that will help",Verse 5,Wolf Alice,Sky Musings,Wolf Alice
3101713,Visions of a Life,I’m sorry,Verse 5,Wolf Alice,Sky Musings,Wolf Alice
3101713,Visions of a Life,I lost myself for a minute,Verse 5,Wolf Alice,Sky Musings,Wolf Alice
3101713,Visions of a Life,Could I have a glass of water?,Verse 5,Wolf Alice,Sky Musings,Wolf Alice
3101713,Visions of a Life,God,Bridge,Wolf Alice,Sky Musings,Wolf Alice
3101713,Visions of a Life,Is that you?,Bridge,Wolf Alice,Sky Musings,Wolf Alice
3101713,Visions of a Life,I guess I'm closer up here,Bridge,Wolf Alice,Sky Musings,Wolf Alice
3101713,Visions of a Life,I could really use some help,Bridge,Wolf Alice,Sky Musings,Wolf Alice
3101713,Visions of a Life,Can you hear me?,Bridge,Wolf Alice,Sky Musings,Wolf Alice
3101713,Visions of a Life,Can you hear me?,Bridge,Wolf Alice,Sky Musings,Wolf Alice
3101713,Visions of a Life,New phase,Outro,Wolf Alice,Sky Musings,Wolf Alice
3101713,Visions of a Life,New phase,Outro,Wolf Alice,Sky Musings,Wolf Alice
3101713,Visions of a Life,New phase,Outro,Wolf Alice,Sky Musings,Wolf Alice
3101713,Visions of a Life,New phase,Outro,Wolf Alice,Sky Musings,Wolf Alice
3101713,Visions of a Life,New phase,Outro,Wolf Alice,Sky Musings,Wolf Alice
3101713,Visions of a Life,New phase,Outro,Wolf Alice,Sky Musings,Wolf Alice
3101713,Visions of a Life,New phase,Outro,Wolf Alice,Sky Musings,Wolf Alice
3101713,Visions of a Life,New phase,Outro,Wolf Alice,Sky Musings,Wolf Alice
3101713,Visions of a Life,New,Outro,Wolf Alice,Sky Musings,Wolf Alice
3101713,Visions of a Life,How high do planes fly?,Verse 1,Wolf Alice,Sky Musings,Wolf Alice
3101713,Visions of a Life,"40,000 feet in the sky is how high",Verse 1,Wolf Alice,Sky Musings,Wolf Alice
3101713,Visions of a Life,Is it the pressure 'cause I’m out of my mind,Verse 1,Wolf Alice,Sky Musings,Wolf Alice
3101713,Visions of a Life,A compressed lack of oxygen making me high,Verse 1,Wolf Alice,Sky Musings,Wolf Alice
3101713,Visions of a Life,And these nighttime plane movies,Verse 1,Wolf Alice,Sky Musings,Wolf Alice
3101713,Visions of a Life,Are prompting sky musings,Verse 1,Wolf Alice,Sky Musings,Wolf Alice
3101713,Visions of a Life,Life seems so confusing,Verse 1,Wolf Alice,Sky Musings,Wolf Alice
3101713,Visions of a Life,"Fear inducing, tears producing",Verse 1,Wolf Alice,Sky Musings,Wolf Alice
3101713,Visions of a Life,Maybe it's this mini wine,Verse 2,Wolf Alice,Sky Musings,Wolf Alice
3101713,Visions of a Life,Maybe it’s this storyline,Verse 2,Wolf Alice,Sky Musings,Wolf Alice
3101713,Visions of a Life,Two people fall in love on the night of their lives,Verse 2,Wolf Alice,Sky Musings,Wolf Alice
3101713,Visions of a Life,"Never meet again 'til he’s married, has a wife",Verse 2,Wolf Alice,Sky Musings,Wolf Alice
3101713,Visions of a Life,And now I think of all the people I've cared for,Verse 2,Wolf Alice,Sky Musings,Wolf Alice
3101713,Visions of a Life,Did love pass me by when I had feelings I was scared of?,Verse 2,Wolf Alice,Sky Musings,Wolf Alice
3101713,Visions of a Life,'Cause I feel so... when I should feel...,Verse 2,Wolf Alice,Sky Musings,Wolf Alice
3101713,Visions of a Life,I feel so... when I should feel...,Verse 2,Wolf Alice,Sky Musings,Wolf Alice
3101713,Visions of a Life,Stupid thoughts for a stupid girl!,Verse 3,Wolf Alice,Sky Musings,Wolf Alice
3101713,Visions of a Life,"Look out of your window, you’re on top of the world",Verse 3,Wolf Alice,Sky Musings,Wolf Alice
3101713,Visions of a Life,23 years old and you’re acting like it’s over,Verse 3,Wolf Alice,Sky Musings,Wolf Alice
3101713,Visions of a Life,"Only over if we crash, hit the ground down below us",Verse 3,Wolf Alice,Sky Musings,Wolf Alice
3101713,Visions of a Life,If we crash,Verse 3,Wolf Alice,Sky Musings,Wolf Alice
3101713,Visions of a Life,If we crash,Verse 3,Wolf Alice,Sky Musings,Wolf Alice
3101713,Visions of a Life,Imagine that,Verse 3,Wolf Alice,Sky Musings,Wolf Alice
3101713,Visions of a Life,If we crash,Verse 3,Wolf Alice,Sky Musings,Wolf Alice
3101713,Visions of a Life,I don't wanna land no more,Verse 4,Wolf Alice,Sky Musings,Wolf Alice
3101713,Visions of a Life,Sink my feet into the sand no more,Verse 4,Wolf Alice,Sky Musings,Wolf Alice
3101713,Visions of a Life,I'll float forever in the interim,Verse 4,Wolf Alice,Sky Musings,Wolf Alice
3101713,Visions of a Life,No place in particular,Verse 4,Wolf Alice,Sky Musings,Wolf Alice
3101713,Visions of a Life,"No sink or swim, just fly",Verse 4,Wolf Alice,Sky Musings,Wolf Alice
3101713,Visions of a Life,I don't understand no more,Verse 4,Wolf Alice,Sky Musings,Wolf Alice
3101713,Visions of a Life,I had life figured out before,Verse 4,Wolf Alice,Sky Musings,Wolf Alice
3101713,Visions of a Life,Will my head stay up in the clouds,Verse 4,Wolf Alice,Sky Musings,Wolf Alice
3101713,Visions of a Life,When they open those dark and heavy metallic doors?,Verse 4,Wolf Alice,Sky Musings,Wolf Alice
3101713,Visions of a Life,"""20 minutes before we're back on the ground""",Verse 5,Wolf Alice,Sky Musings,Wolf Alice
3101713,Visions of a Life,"No, keep this thing going",Verse 5,Wolf Alice,Sky Musings,Wolf Alice
3101713,Visions of a Life,Turn this fucking thing around,Verse 5,Wolf Alice,Sky Musings,Wolf Alice
3101713,Visions of a Life,"""Ma'am, you need to wear your safety belt""",Verse 5,Wolf Alice,Sky Musings,Wolf Alice
3101713,Visions of a Life,"Well, wring it round my neck, maybe that will help",Verse 5,Wolf Alice,Sky Musings,Wolf Alice
3101713,Visions of a Life,I’m sorry,Verse 5,Wolf Alice,Sky Musings,Wolf Alice
3101713,Visions of a Life,I lost myself for a minute,Verse 5,Wolf Alice,Sky Musings,Wolf Alice
3101713,Visions of a Life,Could I have a glass of water?,Verse 5,Wolf Alice,Sky Musings,Wolf Alice
3101713,Visions of a Life,God,Bridge,Wolf Alice,Sky Musings,Wolf Alice
3101713,Visions of a Life,Is that you?,Bridge,Wolf Alice,Sky Musings,Wolf Alice
3101713,Visions of a Life,I guess I'm closer up here,Bridge,Wolf Alice,Sky Musings,Wolf Alice
3101713,Visions of a Life,I could really use some help,Bridge,Wolf Alice,Sky Musings,Wolf Alice
3101713,Visions of a Life,Can you hear me?,Bridge,Wolf Alice,Sky Musings,Wolf Alice
3101713,Visions of a Life,Can you hear me?,Bridge,Wolf Alice,Sky Musings,Wolf Alice
3101713,Visions of a Life,New phase,Outro,Wolf Alice,Sky Musings,Wolf Alice
3101713,Visions of a Life,New phase,Outro,Wolf Alice,Sky Musings,Wolf Alice
3101713,Visions of a Life,New phase,Outro,Wolf Alice,Sky Musings,Wolf Alice
3101713,Visions of a Life,New phase,Outro,Wolf Alice,Sky Musings,Wolf Alice
3101713,Visions of a Life,New phase,Outro,Wolf Alice,Sky Musings,Wolf Alice
3101713,Visions of a Life,New phase,Outro,Wolf Alice,Sky Musings,Wolf Alice
3101713,Visions of a Life,New phase,Outro,Wolf Alice,Sky Musings,Wolf Alice
3101713,Visions of a Life,New phase,Outro,Wolf Alice,Sky Musings,Wolf Alice
3101713,Visions of a Life,New,Outro,Wolf Alice,Sky Musings,Wolf Alice
2149648,My Love Is Cool,"Your broad shoulders, my wet tears",Verse 1,Wolf Alice,Silk,Wolf Alice
2149648,My Love Is Cool,You're alive and I'm still here,Verse 1,Wolf Alice,Silk,Wolf Alice
2149648,My Love Is Cool,As some half-human creature thing,Verse 1,Wolf Alice,Silk,Wolf Alice
2149648,My Love Is Cool,Can you bring life to anything? Ooh,Verse 1,Wolf Alice,Silk,Wolf Alice
2149648,My Love Is Cool,"(""Take this to make you better""",Verse 1,Wolf Alice,Silk,Wolf Alice
2149648,My Love Is Cool,Though eventually you'll die),Verse 1,Wolf Alice,Silk,Wolf Alice
2149648,My Love Is Cool,"If you don't love me, don't tell me",Verse 1,Wolf Alice,Silk,Wolf Alice
2149648,My Love Is Cool,I've never asked who and I'll never ask why,Verse 1,Wolf Alice,Silk,Wolf Alice
2149648,My Love Is Cool,"(""It's such a shame, she used to be so delightful"")",Verse 1,Wolf Alice,Silk,Wolf Alice
2149648,My Love Is Cool,"Well, whose fault is that, if it wasn't Mum and Dad's?",Verse 1,Wolf Alice,Silk,Wolf Alice
2149648,My Love Is Cool,"""Well it must be yours""",Verse 1,Wolf Alice,Silk,Wolf Alice
2149648,My Love Is Cool,"We'll have none of that, no",Verse 1,Wolf Alice,Silk,Wolf Alice
2149648,My Love Is Cool,Just looking for a protector,Chorus,Wolf Alice,Silk,Wolf Alice
2149648,My Love Is Cool,God never reached out in time,Chorus,Wolf Alice,Silk,Wolf Alice
2149648,My Love Is Cool,There's love that is a saviour,Chorus,Wolf Alice,Silk,Wolf Alice
2149648,My Love Is Cool,But that ain't no love of mine,Chorus,Wolf Alice,Silk,Wolf Alice
2149648,My Love Is Cool,My love it kills me slowly,Chorus,Wolf Alice,Silk,Wolf Alice
2149648,My Love Is Cool,Slowly I could die,Chorus,Wolf Alice,Silk,Wolf Alice
2149648,My Love Is Cool,And when she sleeps she hears the blues,Chorus,Wolf Alice,Silk,Wolf Alice
2149648,My Love Is Cool,And sees shades of black and white,Chorus,Wolf Alice,Silk,Wolf Alice
2149648,My Love Is Cool,"(Run, run, run away)",Chorus,Wolf Alice,Silk,Wolf Alice
2149648,My Love Is Cool,"(Run, run, run away)",Chorus,Wolf Alice,Silk,Wolf Alice
2149648,My Love Is Cool,"Got to stay cool, you hot, hot head",Verse 2,Wolf Alice,Silk,Wolf Alice
2149648,My Love Is Cool,Count to a thousand before you sleep in bed,Verse 2,Wolf Alice,Silk,Wolf Alice
2149648,My Love Is Cool,"Read the news, pass the time",Verse 2,Wolf Alice,Silk,Wolf Alice
2149648,My Love Is Cool,"Drink the juice, feeling fine",Verse 2,Wolf Alice,Silk,Wolf Alice
2149648,My Love Is Cool,"Got to stay cool, you hot, hot head",Verse 2,Wolf Alice,Silk,Wolf Alice
2149648,My Love Is Cool,Count to a thousand before you sleep in bed,Verse 2,Wolf Alice,Silk,Wolf Alice
2149648,My Love Is Cool,"Read the news, pass the time",Verse 2,Wolf Alice,Silk,Wolf Alice
2149648,My Love Is Cool,"Drink the juice, feeling fine",Verse 2,Wolf Alice,Silk,Wolf Alice
2149648,My Love Is Cool,"""At least you're not boring""",Verse 2,Wolf Alice,Silk,Wolf Alice
2149648,My Love Is Cool,"No one ever wants to feel you're this sad, ohh",Verse 2,Wolf Alice,Silk,Wolf Alice
2149648,My Love Is Cool,Just looking for a protector,Chorus,Wolf Alice,Silk,Wolf Alice
2149648,My Love Is Cool,God never reached out in time,Chorus,Wolf Alice,Silk,Wolf Alice
2149648,My Love Is Cool,There's love that is a saviour,Chorus,Wolf Alice,Silk,Wolf Alice
2149648,My Love Is Cool,But that ain't no love of mine,Chorus,Wolf Alice,Silk,Wolf Alice
2149648,My Love Is Cool,My love it kills me slowly,Chorus,Wolf Alice,Silk,Wolf Alice
2149648,My Love Is Cool,Slowly I could die,Chorus,Wolf Alice,Silk,Wolf Alice
2149648,My Love Is Cool,And when she sleeps she hears the blues,Chorus,Wolf Alice,Silk,Wolf Alice
2149648,My Love Is Cool,And sees shades of black and white,Chorus,Wolf Alice,Silk,Wolf Alice
2149648,My Love Is Cool,Just looking for a protector,Chorus,Wolf Alice,Silk,Wolf Alice
2149648,My Love Is Cool,God never reached out in time,Chorus,Wolf Alice,Silk,Wolf Alice
2149648,My Love Is Cool,There's love that is a saviour,Chorus,Wolf Alice,Silk,Wolf Alice
2149648,My Love Is Cool,But that ain't no love of mine,Chorus,Wolf Alice,Silk,Wolf Alice
2149648,My Love Is Cool,My love it kills me slowly,Chorus,Wolf Alice,Silk,Wolf Alice
2149648,My Love Is Cool,Slowly I could die,Chorus,Wolf Alice,Silk,Wolf Alice
2149648,My Love Is Cool,And when she sleeps she hears the blues,Chorus,Wolf Alice,Silk,Wolf Alice
2149648,My Love Is Cool,And sees shades of black and white,Chorus,Wolf Alice,Silk,Wolf Alice
6525032,Blue Weekend,If the fast life is fast,Verse 1,Wolf Alice,Play the Greatest Hits,Wolf Alice
6525032,Blue Weekend,Then why does it creep?,Verse 1,Wolf Alice,Play the Greatest Hits,Wolf Alice
6525032,Blue Weekend,Back at The Castle like 2016,Verse 1,Wolf Alice,Play the Greatest Hits,Wolf Alice
6525032,Blue Weekend,They don't play any music,Verse 1,Wolf Alice,Play the Greatest Hits,Wolf Alice
6525032,Blue Weekend,Take it back to mine,Verse 1,Wolf Alice,Play the Greatest Hits,Wolf Alice
6525032,Blue Weekend,Life seems to move in circles when you take its straight white lines,Verse 1,Wolf Alice,Play the Greatest Hits,Wolf Alice
6525032,Blue Weekend,"The taste of someone's lips, their hands placed on my hips",Chorus,Wolf Alice,Play the Greatest Hits,Wolf Alice
6525032,Blue Weekend,Swaying in the kitchen to all the greatest hits,Chorus,Wolf Alice,Play the Greatest Hits,Wolf Alice
6525032,Blue Weekend,"The taste of someone's lips, hands on hips",Chorus,Wolf Alice,Play the Greatest Hits,Wolf Alice
6525032,Blue Weekend,Swaying in the kitchen to all the greatest hits,Chorus,Wolf Alice,Play the Greatest Hits,Wolf Alice
6525032,Blue Weekend,"Hey, hey, hey",Chorus,Wolf Alice,Play the Greatest Hits,Wolf Alice
6525032,Blue Weekend,Play the greatest hits,Chorus,Wolf Alice,Play the Greatest Hits,Wolf Alice
6525032,Blue Weekend,All the greatest hits,Chorus,Wolf Alice,Play the Greatest Hits,Wolf Alice
6525032,Blue Weekend,If the fast life is fast,Verse 2,Wolf Alice,Play the Greatest Hits,Wolf Alice
6525032,Blue Weekend,Then why does it creep?,Verse 2,Wolf Alice,Play the Greatest Hits,Wolf Alice
6525032,Blue Weekend,"Back at The Castle, it's no feat to be its queen",Verse 2,Wolf Alice,Play the Greatest Hits,Wolf Alice
6525032,Blue Weekend,I don't look too far forward,Verse 2,Wolf Alice,Play the Greatest Hits,Wolf Alice
6525032,Blue Weekend,I definitely don't look back,Verse 2,Wolf Alice,Play the Greatest Hits,Wolf Alice
6525032,Blue Weekend,I leave the present empty but I make it gift wrapped,Verse 2,Wolf Alice,Play the Greatest Hits,Wolf Alice
6525032,Blue Weekend,"The taste of someone's lips, their hands placed on my hips",Chorus,Wolf Alice,Play the Greatest Hits,Wolf Alice
6525032,Blue Weekend,Swaying in the kitchen to all the greatest hits,Chorus,Wolf Alice,Play the Greatest Hits,Wolf Alice
6525032,Blue Weekend,"The taste of someone's lips, hands on hips",Chorus,Wolf Alice,Play the Greatest Hits,Wolf Alice
6525032,Blue Weekend,Swaying in the kitchen to all the greatest hits,Chorus,Wolf Alice,Play the Greatest Hits,Wolf Alice
6525032,Blue Weekend,Hey,Bridge,Wolf Alice,Play the Greatest Hits,Wolf Alice
6525032,Blue Weekend,It isn't loud enough,Bridge,Wolf Alice,Play the Greatest Hits,Wolf Alice
6525032,Blue Weekend,Hey,Bridge,Wolf Alice,Play the Greatest Hits,Wolf Alice
6525032,Blue Weekend,It isn't loud enough,Bridge,Wolf Alice,Play the Greatest Hits,Wolf Alice
6525032,Blue Weekend,"Well, the fast life is fast",Verse 3,Wolf Alice,Play the Greatest Hits,Wolf Alice
6525032,Blue Weekend,And I am so weak,Verse 3,Wolf Alice,Play the Greatest Hits,Wolf Alice
6525032,Blue Weekend,I fall in love with the first fucking creep,Verse 3,Wolf Alice,Play the Greatest Hits,Wolf Alice
6525032,Blue Weekend,To open his arms,Verse 3,Wolf Alice,Play the Greatest Hits,Wolf Alice
6525032,Blue Weekend,Matter over mind,Verse 3,Wolf Alice,Play the Greatest Hits,Wolf Alice
6525032,Blue Weekend,Fill in the silence with the first thing you find,Verse 3,Wolf Alice,Play the Greatest Hits,Wolf Alice
6525032,Blue Weekend,All the greatest hits,Refrain,Wolf Alice,Play the Greatest Hits,Wolf Alice
6525032,Blue Weekend,Play the greatest hits,Refrain,Wolf Alice,Play the Greatest Hits,Wolf Alice
6525032,Blue Weekend,All the greatest hits,Refrain,Wolf Alice,Play the Greatest Hits,Wolf Alice
6525032,Blue Weekend,Play the greatest hits,Refrain,Wolf Alice,Play the Greatest Hits,Wolf Alice
6525032,Blue Weekend,Hey,Bridge,Wolf Alice,Play the Greatest Hits,Wolf Alice
6525032,Blue Weekend,It isn't loud enough,Bridge,Wolf Alice,Play the Greatest Hits,Wolf Alice
6525032,Blue Weekend,Hey,Bridge,Wolf Alice,Play the Greatest Hits,Wolf Alice
6525032,Blue Weekend,It isn't loud enough,Bridge,Wolf Alice,Play the Greatest Hits,Wolf Alice
6525032,Blue Weekend,(I haven't had enough),Bridge,Wolf Alice,Play the Greatest Hits,Wolf Alice
6525032,Blue Weekend,Hey,Bridge,Wolf Alice,Play the Greatest Hits,Wolf Alice
6525032,Blue Weekend,It isn't loud enough,Bridge,Wolf Alice,Play the Greatest Hits,Wolf Alice
6525032,Blue Weekend,I haven't had enough,Outro,Wolf Alice,Play the Greatest Hits,Wolf Alice
6522093,Blue Weekend,"No hard feelings, honey",Verse 1,Wolf Alice,No Hard Feelings,Wolf Alice
6522093,Blue Weekend,There'll be no bad blood,Verse 1,Wolf Alice,No Hard Feelings,Wolf Alice
6522093,Blue Weekend,Losing your love has been hard enough,Verse 1,Wolf Alice,No Hard Feelings,Wolf Alice
6522093,Blue Weekend,Life can be short but life can be sweet,Verse 1,Wolf Alice,No Hard Feelings,Wolf Alice
6522093,Blue Weekend,"No hard feelings, honey",Verse 1,Wolf Alice,No Hard Feelings,Wolf Alice
6522093,Blue Weekend,The next time we meet,Verse 1,Wolf Alice,No Hard Feelings,Wolf Alice
6522093,Blue Weekend,It's not hard to remember,Verse 2,Wolf Alice,No Hard Feelings,Wolf Alice
6522093,Blue Weekend,When it was tough to hear your name,Verse 2,Wolf Alice,No Hard Feelings,Wolf Alice
6522093,Blue Weekend,Crying in the bathtub,Verse 2,Wolf Alice,No Hard Feelings,Wolf Alice
6522093,Blue Weekend,"To ""Love Is A Losing Game""",Verse 2,Wolf Alice,No Hard Feelings,Wolf Alice
6522093,Blue Weekend,But there's only so much sulking,Verse 2,Wolf Alice,No Hard Feelings,Wolf Alice
6522093,Blue Weekend,That the heart can entertain,Verse 2,Wolf Alice,No Hard Feelings,Wolf Alice
6522093,Blue Weekend,"No hard feelings, honey",Verse 2,Wolf Alice,No Hard Feelings,Wolf Alice
6522093,Blue Weekend,Next time you come my way,Verse 2,Wolf Alice,No Hard Feelings,Wolf Alice
6522093,Blue Weekend,The threads that kept us together,Verse 3,Wolf Alice,No Hard Feelings,Wolf Alice
6522093,Blue Weekend,Were already wеaring thin,Verse 3,Wolf Alice,No Hard Feelings,Wolf Alice
6522093,Blue Weekend,Would we ever havе tied the knot?,Verse 3,Wolf Alice,No Hard Feelings,Wolf Alice
6522093,Blue Weekend,"Well, how long is a piece of string?",Verse 3,Wolf Alice,No Hard Feelings,Wolf Alice
6522093,Blue Weekend,And for everything that ends,Verse 3,Wolf Alice,No Hard Feelings,Wolf Alice
6522093,Blue Weekend,Something else must begin,Verse 3,Wolf Alice,No Hard Feelings,Wolf Alice
6522093,Blue Weekend,"No hard feelings, honey",Verse 3,Wolf Alice,No Hard Feelings,Wolf Alice
6522093,Blue Weekend,And we both will take the win,Verse 3,Wolf Alice,No Hard Feelings,Wolf Alice
6522093,Blue Weekend,"No hard feelings, honey",Verse 1,Wolf Alice,No Hard Feelings,Wolf Alice
6522093,Blue Weekend,There'll be no bad blood,Verse 1,Wolf Alice,No Hard Feelings,Wolf Alice
6522093,Blue Weekend,Losing your love has been hard enough,Verse 1,Wolf Alice,No Hard Feelings,Wolf Alice
6522093,Blue Weekend,Life can be short but life can be sweet,Verse 1,Wolf Alice,No Hard Feelings,Wolf Alice
6522093,Blue Weekend,"No hard feelings, honey",Verse 1,Wolf Alice,No Hard Feelings,Wolf Alice
6522093,Blue Weekend,The next time we meet,Verse 1,Wolf Alice,No Hard Feelings,Wolf Alice
6522093,Blue Weekend,It's not hard to remember,Verse 2,Wolf Alice,No Hard Feelings,Wolf Alice
6522093,Blue Weekend,When it was tough to hear your name,Verse 2,Wolf Alice,No Hard Feelings,Wolf Alice
6522093,Blue Weekend,Crying in the bathtub,Verse 2,Wolf Alice,No Hard Feelings,Wolf Alice
6522093,Blue Weekend,"To ""Love Is A Losing Game""",Verse 2,Wolf Alice,No Hard Feelings,Wolf Alice
6522093,Blue Weekend,But there's only so much sulking,Verse 2,Wolf Alice,No Hard Feelings,Wolf Alice
6522093,Blue Weekend,That the heart can entertain,Verse 2,Wolf Alice,No Hard Feelings,Wolf Alice
6522093,Blue Weekend,"No hard feelings, honey",Verse 2,Wolf Alice,No Hard Feelings,Wolf Alice
6522093,Blue Weekend,Next time you come my way,Verse 2,Wolf Alice,No Hard Feelings,Wolf Alice
6522093,Blue Weekend,The threads that kept us together,Verse 3,Wolf Alice,No Hard Feelings,Wolf Alice
6522093,Blue Weekend,Were already wеaring thin,Verse 3,Wolf Alice,No Hard Feelings,Wolf Alice
6522093,Blue Weekend,Would we ever havе tied the knot?,Verse 3,Wolf Alice,No Hard Feelings,Wolf Alice
6522093,Blue Weekend,"Well, how long is a piece of string?",Verse 3,Wolf Alice,No Hard Feelings,Wolf Alice
6522093,Blue Weekend,And for everything that ends,Verse 3,Wolf Alice,No Hard Feelings,Wolf Alice
6522093,Blue Weekend,Something else must begin,Verse 3,Wolf Alice,No Hard Feelings,Wolf Alice
6522093,Blue Weekend,"No hard feelings, honey",Verse 3,Wolf Alice,No Hard Feelings,Wolf Alice
6522093,Blue Weekend,And we both will take the win,Verse 3,Wolf Alice,No Hard Feelings,Wolf Alice
2144334,My Love Is Cool,"You're gonna look at me twice, it's eventual",Verse 1,Wolf Alice,Lisbon,Wolf Alice
2144334,My Love Is Cool,You're there when you're not cause I'm smoking your menthols,Verse 1,Wolf Alice,Lisbon,Wolf Alice
2144334,My Love Is Cool,Smoking your menthols,Verse 1,Wolf Alice,Lisbon,Wolf Alice
2144334,My Love Is Cool,Wearing all your clothes again,Verse 1,Wolf Alice,Lisbon,Wolf Alice
2144334,My Love Is Cool,They're wearing thin but it's one way to be together,Verse 1,Wolf Alice,Lisbon,Wolf Alice
2144334,My Love Is Cool,Be together,Verse 1,Wolf Alice,Lisbon,Wolf Alice
2144334,My Love Is Cool,Swallow the fear,Chorus,Wolf Alice,Lisbon,Wolf Alice
2144334,My Love Is Cool,My stone cold fox,Chorus,Wolf Alice,Lisbon,Wolf Alice
2144334,My Love Is Cool,My arms are here,Chorus,Wolf Alice,Lisbon,Wolf Alice
2144334,My Love Is Cool,I've been ready for so long,Chorus,Wolf Alice,Lisbon,Wolf Alice
2144334,My Love Is Cool,And I would lick your wounds and care,Chorus,Wolf Alice,Lisbon,Wolf Alice
2144334,My Love Is Cool,"Feel like running, feel like crack",Verse 2,Wolf Alice,Lisbon,Wolf Alice
2144334,My Love Is Cool,Feel like going out and smashing windows,Verse 2,Wolf Alice,Lisbon,Wolf Alice
2144334,My Love Is Cool,I'm smashing windows,Verse 2,Wolf Alice,Lisbon,Wolf Alice
2144334,My Love Is Cool,"And in a black, black hole, deeper than death",Verse 2,Wolf Alice,Lisbon,Wolf Alice
2144334,My Love Is Cool,"I would wait for you there, just give me the breath, to say it",Verse 2,Wolf Alice,Lisbon,Wolf Alice
2144334,My Love Is Cool,Back together,Verse 2,Wolf Alice,Lisbon,Wolf Alice
2144334,My Love Is Cool,Swallow the fear,Chorus,Wolf Alice,Lisbon,Wolf Alice
2144334,My Love Is Cool,My stone cold fox,Chorus,Wolf Alice,Lisbon,Wolf Alice
2144334,My Love Is Cool,My arms are here,Chorus,Wolf Alice,Lisbon,Wolf Alice
2144334,My Love Is Cool,I've been ready for so long,Chorus,Wolf Alice,Lisbon,Wolf Alice
2144334,My Love Is Cool,And I would lick your wounds and care,Chorus,Wolf Alice,Lisbon,Wolf Alice
2144334,My Love Is Cool,"Feel like running, feel like crack",Outro,Wolf Alice,Lisbon,Wolf Alice
2144334,My Love Is Cool,Feel like going out and smashing windows,Outro,Wolf Alice,Lisbon,Wolf Alice
2144334,My Love Is Cool,I'm smashing windows,Outro,Wolf Alice,Lisbon,Wolf Alice
2144334,My Love Is Cool,"And in a black, black hole, deeper than death",Outro,Wolf Alice,Lisbon,Wolf Alice
2144334,My Love Is Cool,"I would wait for you there, just give me the breath, to say it",Outro,Wolf Alice,Lisbon,Wolf Alice
2144334,My Love Is Cool,Back together,Outro,Wolf Alice,Lisbon,Wolf Alice
2144334,My Love Is Cool,"You're gonna look at me twice, it's eventual",Verse 1,Wolf Alice,Lisbon,Wolf Alice
2144334,My Love Is Cool,You're there when you're not cause I'm smoking your menthols,Verse 1,Wolf Alice,Lisbon,Wolf Alice
2144334,My Love Is Cool,Smoking your menthols,Verse 1,Wolf Alice,Lisbon,Wolf Alice
2144334,My Love Is Cool,Wearing all your clothes again,Verse 1,Wolf Alice,Lisbon,Wolf Alice
2144334,My Love Is Cool,They're wearing thin but it's one way to be together,Verse 1,Wolf Alice,Lisbon,Wolf Alice
2144334,My Love Is Cool,Be together,Verse 1,Wolf Alice,Lisbon,Wolf Alice
2144334,My Love Is Cool,Swallow the fear,Chorus,Wolf Alice,Lisbon,Wolf Alice
2144334,My Love Is Cool,My stone cold fox,Chorus,Wolf Alice,Lisbon,Wolf Alice
2144334,My Love Is Cool,My arms are here,Chorus,Wolf Alice,Lisbon,Wolf Alice
2144334,My Love Is Cool,I've been ready for so long,Chorus,Wolf Alice,Lisbon,Wolf Alice
2144334,My Love Is Cool,And I would lick your wounds and care,Chorus,Wolf Alice,Lisbon,Wolf Alice
2144334,My Love Is Cool,"Feel like running, feel like crack",Verse 2,Wolf Alice,Lisbon,Wolf Alice
2144334,My Love Is Cool,Feel like going out and smashing windows,Verse 2,Wolf Alice,Lisbon,Wolf Alice
2144334,My Love Is Cool,I'm smashing windows,Verse 2,Wolf Alice,Lisbon,Wolf Alice
2144334,My Love Is Cool,"And in a black, black hole, deeper than death",Verse 2,Wolf Alice,Lisbon,Wolf Alice
2144334,My Love Is Cool,"I would wait for you there, just give me the breath, to say it",Verse 2,Wolf Alice,Lisbon,Wolf Alice
2144334,My Love Is Cool,Back together,Verse 2,Wolf Alice,Lisbon,Wolf Alice
2144334,My Love Is Cool,Swallow the fear,Chorus,Wolf Alice,Lisbon,Wolf Alice
2144334,My Love Is Cool,My stone cold fox,Chorus,Wolf Alice,Lisbon,Wolf Alice
2144334,My Love Is Cool,My arms are here,Chorus,Wolf Alice,Lisbon,Wolf Alice
2144334,My Love Is Cool,I've been ready for so long,Chorus,Wolf Alice,Lisbon,Wolf Alice
2144334,My Love Is Cool,And I would lick your wounds and care,Chorus,Wolf Alice,Lisbon,Wolf Alice
2144334,My Love Is Cool,"Feel like running, feel like crack",Outro,Wolf Alice,Lisbon,Wolf Alice
2144334,My Love Is Cool,Feel like going out and smashing windows,Outro,Wolf Alice,Lisbon,Wolf Alice
2144334,My Love Is Cool,I'm smashing windows,Outro,Wolf Alice,Lisbon,Wolf Alice
2144334,My Love Is Cool,"And in a black, black hole, deeper than death",Outro,Wolf Alice,Lisbon,Wolf Alice
2144334,My Love Is Cool,"I would wait for you there, just give me the breath, to say it",Outro,Wolf Alice,Lisbon,Wolf Alice
2144334,My Love Is Cool,Back together,Outro,Wolf Alice,Lisbon,Wolf Alice
6525027,Blue Weekend,"Oh, it could be exciting",Verse 1,Wolf Alice,Lipstick on the Glass,Wolf Alice
6525027,Blue Weekend,Excuse for a change if we don't work the way,Verse 1,Wolf Alice,Lipstick on the Glass,Wolf Alice
6525027,Blue Weekend,We were,Verse 1,Wolf Alice,Lipstick on the Glass,Wolf Alice
6525027,Blue Weekend,"Oh, but nothing seems inviting",Verse 1,Wolf Alice,Lipstick on the Glass,Wolf Alice
6525027,Blue Weekend,Except the image of your open arms calling back,Verse 1,Wolf Alice,Lipstick on the Glass,Wolf Alice
6525027,Blue Weekend,To me,Verse 1,Wolf Alice,Lipstick on the Glass,Wolf Alice
6525027,Blue Weekend,I take you back,Chorus,Wolf Alice,Lipstick on the Glass,Wolf Alice
6525027,Blue Weekend,"Yeah, I know it seems surprising when there's lipstick still on the glass",Chorus,Wolf Alice,Lipstick on the Glass,Wolf Alice
6525027,Blue Weekend,"And the full moon rising, but it's me who makes myself mad, mm",Chorus,Wolf Alice,Lipstick on the Glass,Wolf Alice
6525027,Blue Weekend,I'll take you,Chorus,Wolf Alice,Lipstick on the Glass,Wolf Alice
6525027,Blue Weekend,"Oh, my body does deceive me",Verse 2,Wolf Alice,Lipstick on the Glass,Wolf Alice
6525027,Blue Weekend,Just as did yours,Verse 2,Wolf Alice,Lipstick on the Glass,Wolf Alice
6525027,Blue Weekend,Though we're fighting different wars,Verse 2,Wolf Alice,Lipstick on the Glass,Wolf Alice
6525027,Blue Weekend,In our ways,Verse 2,Wolf Alice,Lipstick on the Glass,Wolf Alice
6525027,Blue Weekend,"Oh, but there's no pleasure in resisting",Verse 2,Wolf Alice,Lipstick on the Glass,Wolf Alice
6525027,Blue Weekend,So go ahead and kiss me,Verse 2,Wolf Alice,Lipstick on the Glass,Wolf Alice
6525027,Blue Weekend,I take you back,Chorus,Wolf Alice,Lipstick on the Glass,Wolf Alice
6525027,Blue Weekend,"Yeah, I know it seems surprising when there's lipstick still on the glass",Chorus,Wolf Alice,Lipstick on the Glass,Wolf Alice
6525027,Blue Weekend,"And the full moon rising, but it's me who makes myself mad, mm",Chorus,Wolf Alice,Lipstick on the Glass,Wolf Alice
6525027,Blue Weekend,I'll take you,Chorus,Wolf Alice,Lipstick on the Glass,Wolf Alice
6525027,Blue Weekend,"Once more, once more",Bridge,Wolf Alice,Lipstick on the Glass,Wolf Alice
6525027,Blue Weekend,Once more,Bridge,Wolf Alice,Lipstick on the Glass,Wolf Alice
6525027,Blue Weekend,"Once more, once more",Bridge,Wolf Alice,Lipstick on the Glass,Wolf Alice
6525027,Blue Weekend,Once more,Bridge,Wolf Alice,Lipstick on the Glass,Wolf Alice
6525027,Blue Weekend,Once more,Bridge,Wolf Alice,Lipstick on the Glass,Wolf Alice
6525027,Blue Weekend,You know nothing would've needed deciding,Bridge,Wolf Alice,Lipstick on the Glass,Wolf Alice
6525027,Blue Weekend,Had you just simply asked,Bridge,Wolf Alice,Lipstick on the Glass,Wolf Alice
6525027,Blue Weekend,"But the full moon rising, and it's me",Bridge,Wolf Alice,Lipstick on the Glass,Wolf Alice
6525027,Blue Weekend,I take you back,Chorus,Wolf Alice,Lipstick on the Glass,Wolf Alice
6525027,Blue Weekend,"Yeah, I know it seems surprising when there's lipstick still on the glass",Chorus,Wolf Alice,Lipstick on the Glass,Wolf Alice
6525027,Blue Weekend,"And the full moon rising, but it's me who makes myself mad, mm",Chorus,Wolf Alice,Lipstick on the Glass,Wolf Alice
6525027,Blue Weekend,I'll take you,Chorus,Wolf Alice,Lipstick on the Glass,Wolf Alice
2283035,My Love Is Cool,If I get there before you,Verse 1,Wolf Alice,I Saw You (In a Corridor),Wolf Alice
2283035,My Love Is Cool,I will wait at the gate,Verse 1,Wolf Alice,I Saw You (In a Corridor),Wolf Alice
2283035,My Love Is Cool,I should tell you I adore you,Verse 1,Wolf Alice,I Saw You (In a Corridor),Wolf Alice
2283035,My Love Is Cool,"You walk by, I walk in late",Verse 1,Wolf Alice,I Saw You (In a Corridor),Wolf Alice
2283035,My Love Is Cool,I saw you when I knew,Chorus,Wolf Alice,I Saw You (In a Corridor),Wolf Alice
2283035,My Love Is Cool,I wanted nothing more and nothing different,Chorus,Wolf Alice,I Saw You (In a Corridor),Wolf Alice
2283035,My Love Is Cool,Nothing more and nothing different,Chorus,Wolf Alice,I Saw You (In a Corridor),Wolf Alice
2283035,My Love Is Cool,If you get there before me,Verse 2,Wolf Alice,I Saw You (In a Corridor),Wolf Alice
2283035,My Love Is Cool,"Call me up, I'm there in five",Verse 2,Wolf Alice,I Saw You (In a Corridor),Wolf Alice
2283035,My Love Is Cool,"I wish you, you would want me",Verse 2,Wolf Alice,I Saw You (In a Corridor),Wolf Alice
2283035,My Love Is Cool,Wasting time's not wasted time,Verse 2,Wolf Alice,I Saw You (In a Corridor),Wolf Alice
2283035,My Love Is Cool,I saw you when I knew,Chorus,Wolf Alice,I Saw You (In a Corridor),Wolf Alice
2283035,My Love Is Cool,I wanted nothing more and nothing different,Chorus,Wolf Alice,I Saw You (In a Corridor),Wolf Alice
2283035,My Love Is Cool,Nothing more and nothing different,Chorus,Wolf Alice,I Saw You (In a Corridor),Wolf Alice
2283035,My Love Is Cool,I saw you,Outro,Wolf Alice,I Saw You (In a Corridor),Wolf Alice
2283035,My Love Is Cool,If I get there before you,Verse 1,Wolf Alice,I Saw You (In a Corridor),Wolf Alice
2283035,My Love Is Cool,I will wait at the gate,Verse 1,Wolf Alice,I Saw You (In a Corridor),Wolf Alice
2283035,My Love Is Cool,I should tell you I adore you,Verse 1,Wolf Alice,I Saw You (In a Corridor),Wolf Alice
2283035,My Love Is Cool,"You walk by, I walk in late",Verse 1,Wolf Alice,I Saw You (In a Corridor),Wolf Alice
2283035,My Love Is Cool,I saw you when I knew,Chorus,Wolf Alice,I Saw You (In a Corridor),Wolf Alice
2283035,My Love Is Cool,I wanted nothing more and nothing different,Chorus,Wolf Alice,I Saw You (In a Corridor),Wolf Alice
2283035,My Love Is Cool,Nothing more and nothing different,Chorus,Wolf Alice,I Saw You (In a Corridor),Wolf Alice
2283035,My Love Is Cool,If you get there before me,Verse 2,Wolf Alice,I Saw You (In a Corridor),Wolf Alice
2283035,My Love Is Cool,"Call me up, I'm there in five",Verse 2,Wolf Alice,I Saw You (In a Corridor),Wolf Alice
2283035,My Love Is Cool,"I wish you, you would want me",Verse 2,Wolf Alice,I Saw You (In a Corridor),Wolf Alice
2283035,My Love Is Cool,Wasting time's not wasted time,Verse 2,Wolf Alice,I Saw You (In a Corridor),Wolf Alice
2283035,My Love Is Cool,I saw you when I knew,Chorus,Wolf Alice,I Saw You (In a Corridor),Wolf Alice
2283035,My Love Is Cool,I wanted nothing more and nothing different,Chorus,Wolf Alice,I Saw You (In a Corridor),Wolf Alice
2283035,My Love Is Cool,Nothing more and nothing different,Chorus,Wolf Alice,I Saw You (In a Corridor),Wolf Alice
2283035,My Love Is Cool,I saw you,Outro,Wolf Alice,I Saw You (In a Corridor),Wolf Alice
6525030,Blue Weekend,A moment to change it all,Verse 1,Wolf Alice,How Can I Make It OK?,Wolf Alice
6525030,Blue Weekend,Had life before been so slow?,Verse 1,Wolf Alice,How Can I Make It OK?,Wolf Alice
6525030,Blue Weekend,Urgency takes hold,Verse 1,Wolf Alice,How Can I Make It OK?,Wolf Alice
6525030,Blue Weekend,But to live in fear isn't to live at all,Verse 1,Wolf Alice,How Can I Make It OK?,Wolf Alice
6525030,Blue Weekend,So how can I make it okay?,Chorus,Wolf Alice,How Can I Make It OK?,Wolf Alice
6525030,Blue Weekend,I just want you to be happy,Chorus,Wolf Alice,How Can I Make It OK?,Wolf Alice
6525030,Blue Weekend,How can I make it okay?,Chorus,Wolf Alice,How Can I Make It OK?,Wolf Alice
6525030,Blue Weekend,I just want you to be happy,Chorus,Wolf Alice,How Can I Make It OK?,Wolf Alice
6525030,Blue Weekend,How can I make it okay?,Chorus,Wolf Alice,How Can I Make It OK?,Wolf Alice
6525030,Blue Weekend,Nothing else is as important,Chorus,Wolf Alice,How Can I Make It OK?,Wolf Alice
6525030,Blue Weekend,As that to me,Chorus,Wolf Alice,How Can I Make It OK?,Wolf Alice
6525030,Blue Weekend,How can I make it okay?,Chorus,Wolf Alice,How Can I Make It OK?,Wolf Alice
6525030,Blue Weekend,Nothing else is as important,Chorus,Wolf Alice,How Can I Make It OK?,Wolf Alice
6525030,Blue Weekend,"As that to me, oh",Chorus,Wolf Alice,How Can I Make It OK?,Wolf Alice
6525030,Blue Weekend,How do we sell you the world?,Verse 2,Wolf Alice,How Can I Make It OK?,Wolf Alice
6525030,Blue Weekend,"Let it in, embrace and uncurl",Verse 2,Wolf Alice,How Can I Make It OK?,Wolf Alice
6525030,Blue Weekend,"So fierce, so bold",Verse 2,Wolf Alice,How Can I Make It OK?,Wolf Alice
6525030,Blue Weekend,Someone like you,Verse 2,Wolf Alice,How Can I Make It OK?,Wolf Alice
6525030,Blue Weekend,Should not be left unsold,Verse 2,Wolf Alice,How Can I Make It OK?,Wolf Alice
6525030,Blue Weekend,So how can I make it okay?,Chorus,Wolf Alice,How Can I Make It OK?,Wolf Alice
6525030,Blue Weekend,I just want you to be happy,Chorus,Wolf Alice,How Can I Make It OK?,Wolf Alice
6525030,Blue Weekend,How can I make it okay?,Chorus,Wolf Alice,How Can I Make It OK?,Wolf Alice
6525030,Blue Weekend,I just want you to be happy,Chorus,Wolf Alice,How Can I Make It OK?,Wolf Alice
6525030,Blue Weekend,How can I make it okay?,Chorus,Wolf Alice,How Can I Make It OK?,Wolf Alice
6525030,Blue Weekend,Nothing else is as important,Chorus,Wolf Alice,How Can I Make It OK?,Wolf Alice
6525030,Blue Weekend,As that to mе,Chorus,Wolf Alice,How Can I Make It OK?,Wolf Alice
6525030,Blue Weekend,How can I make it okay?,Chorus,Wolf Alice,How Can I Make It OK?,Wolf Alice
6525030,Blue Weekend,Nothing else is as important,Chorus,Wolf Alice,How Can I Make It OK?,Wolf Alice
6525030,Blue Weekend,As that to mе,Chorus,Wolf Alice,How Can I Make It OK?,Wolf Alice
6525030,Blue Weekend,"Oh, okay",Chorus,Wolf Alice,How Can I Make It OK?,Wolf Alice
6525030,Blue Weekend,Okay,Chorus,Wolf Alice,How Can I Make It OK?,Wolf Alice
6525030,Blue Weekend,And now a moment to change it all,Verse 3,Wolf Alice,How Can I Make It OK?,Wolf Alice
6525030,Blue Weekend,Had life before been so slow?,Verse 3,Wolf Alice,How Can I Make It OK?,Wolf Alice
6525030,Blue Weekend,Urgency takes hold,Verse 3,Wolf Alice,How Can I Make It OK?,Wolf Alice
6525030,Blue Weekend,But to live in fear isn't to live at all,Verse 3,Wolf Alice,How Can I Make It OK?,Wolf Alice
6525030,Blue Weekend,So how can I make it okay?,Chorus,Wolf Alice,How Can I Make It OK?,Wolf Alice
6525030,Blue Weekend,I just want you to be happy,Chorus,Wolf Alice,How Can I Make It OK?,Wolf Alice
6525030,Blue Weekend,How can I make it okay?,Chorus,Wolf Alice,How Can I Make It OK?,Wolf Alice
6525030,Blue Weekend,I just want you to be happy,Chorus,Wolf Alice,How Can I Make It OK?,Wolf Alice
6525030,Blue Weekend,How can I make it okay?,Chorus,Wolf Alice,How Can I Make It OK?,Wolf Alice
6525030,Blue Weekend,Nothing else is as important,Chorus,Wolf Alice,How Can I Make It OK?,Wolf Alice
6525030,Blue Weekend,As that to me,Chorus,Wolf Alice,How Can I Make It OK?,Wolf Alice
6525030,Blue Weekend,How can I make it okay?,Chorus,Wolf Alice,How Can I Make It OK?,Wolf Alice
6525030,Blue Weekend,Nothing else is as important,Chorus,Wolf Alice,How Can I Make It OK?,Wolf Alice
6525030,Blue Weekend,As this to me,Chorus,Wolf Alice,How Can I Make It OK?,Wolf Alice
6525030,Blue Weekend,"Okay, oh",Outro,Wolf Alice,How Can I Make It OK?,Wolf Alice
6525030,Blue Weekend,Okay,Outro,Wolf Alice,How Can I Make It OK?,Wolf Alice
6525030,Blue Weekend,A moment to change it all,Verse 1,Wolf Alice,How Can I Make It OK?,Wolf Alice
6525030,Blue Weekend,Had life before been so slow?,Verse 1,Wolf Alice,How Can I Make It OK?,Wolf Alice
6525030,Blue Weekend,Urgency takes hold,Verse 1,Wolf Alice,How Can I Make It OK?,Wolf Alice
6525030,Blue Weekend,But to live in fear isn't to live at all,Verse 1,Wolf Alice,How Can I Make It OK?,Wolf Alice
6525030,Blue Weekend,So how can I make it okay?,Chorus,Wolf Alice,How Can I Make It OK?,Wolf Alice
6525030,Blue Weekend,I just want you to be happy,Chorus,Wolf Alice,How Can I Make It OK?,Wolf Alice
6525030,Blue Weekend,How can I make it okay?,Chorus,Wolf Alice,How Can I Make It OK?,Wolf Alice
6525030,Blue Weekend,I just want you to be happy,Chorus,Wolf Alice,How Can I Make It OK?,Wolf Alice
6525030,Blue Weekend,How can I make it okay?,Chorus,Wolf Alice,How Can I Make It OK?,Wolf Alice
6525030,Blue Weekend,Nothing else is as important,Chorus,Wolf Alice,How Can I Make It OK?,Wolf Alice
6525030,Blue Weekend,As that to me,Chorus,Wolf Alice,How Can I Make It OK?,Wolf Alice
6525030,Blue Weekend,How can I make it okay?,Chorus,Wolf Alice,How Can I Make It OK?,Wolf Alice
6525030,Blue Weekend,Nothing else is as important,Chorus,Wolf Alice,How Can I Make It OK?,Wolf Alice
6525030,Blue Weekend,"As that to me, oh",Chorus,Wolf Alice,How Can I Make It OK?,Wolf Alice
6525030,Blue Weekend,How do we sell you the world?,Verse 2,Wolf Alice,How Can I Make It OK?,Wolf Alice
6525030,Blue Weekend,"Let it in, embrace and uncurl",Verse 2,Wolf Alice,How Can I Make It OK?,Wolf Alice
6525030,Blue Weekend,"So fierce, so bold",Verse 2,Wolf Alice,How Can I Make It OK?,Wolf Alice
6525030,Blue Weekend,Someone like you,Verse 2,Wolf Alice,How Can I Make It OK?,Wolf Alice
6525030,Blue Weekend,Should not be left unsold,Verse 2,Wolf Alice,How Can I Make It OK?,Wolf Alice
6525030,Blue Weekend,So how can I make it okay?,Chorus,Wolf Alice,How Can I Make It OK?,Wolf Alice
6525030,Blue Weekend,I just want you to be happy,Chorus,Wolf Alice,How Can I Make It OK?,Wolf Alice
6525030,Blue Weekend,How can I make it okay?,Chorus,Wolf Alice,How Can I Make It OK?,Wolf Alice
6525030,Blue Weekend,I just want you to be happy,Chorus,Wolf Alice,How Can I Make It OK?,Wolf Alice
6525030,Blue Weekend,How can I make it okay?,Chorus,Wolf Alice,How Can I Make It OK?,Wolf Alice
6525030,Blue Weekend,Nothing else is as important,Chorus,Wolf Alice,How Can I Make It OK?,Wolf Alice
6525030,Blue Weekend,As that to mе,Chorus,Wolf Alice,How Can I Make It OK?,Wolf Alice
6525030,Blue Weekend,How can I make it okay?,Chorus,Wolf Alice,How Can I Make It OK?,Wolf Alice
6525030,Blue Weekend,Nothing else is as important,Chorus,Wolf Alice,How Can I Make It OK?,Wolf Alice
6525030,Blue Weekend,As that to mе,Chorus,Wolf Alice,How Can I Make It OK?,Wolf Alice
6525030,Blue Weekend,"Oh, okay",Chorus,Wolf Alice,How Can I Make It OK?,Wolf Alice
6525030,Blue Weekend,Okay,Chorus,Wolf Alice,How Can I Make It OK?,Wolf Alice
6525030,Blue Weekend,And now a moment to change it all,Verse 3,Wolf Alice,How Can I Make It OK?,Wolf Alice
6525030,Blue Weekend,Had life before been so slow?,Verse 3,Wolf Alice,How Can I Make It OK?,Wolf Alice
6525030,Blue Weekend,Urgency takes hold,Verse 3,Wolf Alice,How Can I Make It OK?,Wolf Alice
6525030,Blue Weekend,But to live in fear isn't to live at all,Verse 3,Wolf Alice,How Can I Make It OK?,Wolf Alice
6525030,Blue Weekend,So how can I make it okay?,Chorus,Wolf Alice,How Can I Make It OK?,Wolf Alice
6525030,Blue Weekend,I just want you to be happy,Chorus,Wolf Alice,How Can I Make It OK?,Wolf Alice
6525030,Blue Weekend,How can I make it okay?,Chorus,Wolf Alice,How Can I Make It OK?,Wolf Alice
6525030,Blue Weekend,I just want you to be happy,Chorus,Wolf Alice,How Can I Make It OK?,Wolf Alice
6525030,Blue Weekend,How can I make it okay?,Chorus,Wolf Alice,How Can I Make It OK?,Wolf Alice
6525030,Blue Weekend,Nothing else is as important,Chorus,Wolf Alice,How Can I Make It OK?,Wolf Alice
6525030,Blue Weekend,As that to me,Chorus,Wolf Alice,How Can I Make It OK?,Wolf Alice
6525030,Blue Weekend,How can I make it okay?,Chorus,Wolf Alice,How Can I Make It OK?,Wolf Alice
6525030,Blue Weekend,Nothing else is as important,Chorus,Wolf Alice,How Can I Make It OK?,Wolf Alice
6525030,Blue Weekend,As this to me,Chorus,Wolf Alice,How Can I Make It OK?,Wolf Alice
6525030,Blue Weekend,"Okay, oh",Outro,Wolf Alice,How Can I Make It OK?,Wolf Alice
6525030,Blue Weekend,Okay,Outro,Wolf Alice,How Can I Make It OK?,Wolf Alice
782370,My Love Is Cool,We laughed at pictures in our passports,We laughed at pictures in our passports,Wolf Alice,Heavenly Creatures,Wolf Alice
782370,My Love Is Cool,Your hair is gold and I look shy,We laughed at pictures in our passports,Wolf Alice,Heavenly Creatures,Wolf Alice
782370,My Love Is Cool,This is not a lot to ask for,We laughed at pictures in our passports,Wolf Alice,Heavenly Creatures,Wolf Alice
782370,My Love Is Cool,"Just a prayer, to pray that this would be the time",We laughed at pictures in our passports,Wolf Alice,Heavenly Creatures,Wolf Alice
782370,My Love Is Cool,Time to die,We laughed at pictures in our passports,Wolf Alice,Heavenly Creatures,Wolf Alice
782370,My Love Is Cool,Time to kill,We laughed at pictures in our passports,Wolf Alice,Heavenly Creatures,Wolf Alice
782370,My Love Is Cool,Time will fly,We laughed at pictures in our passports,Wolf Alice,Heavenly Creatures,Wolf Alice
782370,My Love Is Cool,Time will heal,We laughed at pictures in our passports,Wolf Alice,Heavenly Creatures,Wolf Alice
782370,My Love Is Cool,All for love,We laughed at pictures in our passports,Wolf Alice,Heavenly Creatures,Wolf Alice
782370,My Love Is Cool,All for you,We laughed at pictures in our passports,Wolf Alice,Heavenly Creatures,Wolf Alice
782370,My Love Is Cool,God's a judge,We laughed at pictures in our passports,Wolf Alice,Heavenly Creatures,Wolf Alice
782370,My Love Is Cool,Love is true,We laughed at pictures in our passports,Wolf Alice,Heavenly Creatures,Wolf Alice
782370,My Love Is Cool,It's time to die,We laughed at pictures in our passports,Wolf Alice,Heavenly Creatures,Wolf Alice
782370,My Love Is Cool,Time to kill,We laughed at pictures in our passports,Wolf Alice,Heavenly Creatures,Wolf Alice
782370,My Love Is Cool,Time will fly,We laughed at pictures in our passports,Wolf Alice,Heavenly Creatures,Wolf Alice
782370,My Love Is Cool,Time will heal,We laughed at pictures in our passports,Wolf Alice,Heavenly Creatures,Wolf Alice
782370,My Love Is Cool,All for love,We laughed at pictures in our passports,Wolf Alice,Heavenly Creatures,Wolf Alice
782370,My Love Is Cool,All for you,We laughed at pictures in our passports,Wolf Alice,Heavenly Creatures,Wolf Alice
782370,My Love Is Cool,God's a judge,We laughed at pictures in our passports,Wolf Alice,Heavenly Creatures,Wolf Alice
782370,My Love Is Cool,Love is true,We laughed at pictures in our passports,Wolf Alice,Heavenly Creatures,Wolf Alice
782370,My Love Is Cool,Was it never enough that we should simply want to be together?,We laughed at pictures in our passports,Wolf Alice,Heavenly Creatures,Wolf Alice
782370,My Love Is Cool,Was it never enough that we should simply want to be together?,We laughed at pictures in our passports,Wolf Alice,Heavenly Creatures,Wolf Alice
782370,My Love Is Cool,"Together, together, together",We laughed at pictures in our passports,Wolf Alice,Heavenly Creatures,Wolf Alice
782370,My Love Is Cool,There'll be nothing left to be afraid of,We laughed at pictures in our passports,Wolf Alice,Heavenly Creatures,Wolf Alice
782370,My Love Is Cool,‘Cause everything else means nothing at all,We laughed at pictures in our passports,Wolf Alice,Heavenly Creatures,Wolf Alice
782370,My Love Is Cool,It's a crown of thorns for your halo,We laughed at pictures in our passports,Wolf Alice,Heavenly Creatures,Wolf Alice
782370,My Love Is Cool,"I'll be your shadow, don't fear a fall",We laughed at pictures in our passports,Wolf Alice,Heavenly Creatures,Wolf Alice
782370,My Love Is Cool,It's time to die,We laughed at pictures in our passports,Wolf Alice,Heavenly Creatures,Wolf Alice
782370,My Love Is Cool,Time to kill,We laughed at pictures in our passports,Wolf Alice,Heavenly Creatures,Wolf Alice
782370,My Love Is Cool,Time will fly,We laughed at pictures in our passports,Wolf Alice,Heavenly Creatures,Wolf Alice
782370,My Love Is Cool,Time will heal,We laughed at pictures in our passports,Wolf Alice,Heavenly Creatures,Wolf Alice
782370,My Love Is Cool,All for love,We laughed at pictures in our passports,Wolf Alice,Heavenly Creatures,Wolf Alice
782370,My Love Is Cool,All for you,We laughed at pictures in our passports,Wolf Alice,Heavenly Creatures,Wolf Alice
782370,My Love Is Cool,God's a judge,We laughed at pictures in our passports,Wolf Alice,Heavenly Creatures,Wolf Alice
782370,My Love Is Cool,Love is true,We laughed at pictures in our passports,Wolf Alice,Heavenly Creatures,Wolf Alice
782370,My Love Is Cool,It's time to die,We laughed at pictures in our passports,Wolf Alice,Heavenly Creatures,Wolf Alice
782370,My Love Is Cool,Time to kill,We laughed at pictures in our passports,Wolf Alice,Heavenly Creatures,Wolf Alice
782370,My Love Is Cool,Time will fly,We laughed at pictures in our passports,Wolf Alice,Heavenly Creatures,Wolf Alice
782370,My Love Is Cool,Time will heal,We laughed at pictures in our passports,Wolf Alice,Heavenly Creatures,Wolf Alice
782370,My Love Is Cool,All for love,We laughed at pictures in our passports,Wolf Alice,Heavenly Creatures,Wolf Alice
782370,My Love Is Cool,All for you,We laughed at pictures in our passports,Wolf Alice,Heavenly Creatures,Wolf Alice
782370,My Love Is Cool,God's a judge,We laughed at pictures in our passports,Wolf Alice,Heavenly Creatures,Wolf Alice
782370,My Love Is Cool,Love is true,We laughed at pictures in our passports,Wolf Alice,Heavenly Creatures,Wolf Alice
782370,My Love Is Cool,Was it never enough that we should simply want to be together?,We laughed at pictures in our passports,Wolf Alice,Heavenly Creatures,Wolf Alice
782370,My Love Is Cool,Was it never enough that we should simply want to be together?,We laughed at pictures in our passports,Wolf Alice,Heavenly Creatures,Wolf Alice
782370,My Love Is Cool,"Together, together, together",We laughed at pictures in our passports,Wolf Alice,Heavenly Creatures,Wolf Alice
782370,My Love Is Cool,We laughed at pictures in our passports,We laughed at pictures in our passports,Wolf Alice,Heavenly Creatures,Wolf Alice
782370,My Love Is Cool,Your hair is gold and I look shy,We laughed at pictures in our passports,Wolf Alice,Heavenly Creatures,Wolf Alice
782370,My Love Is Cool,This is not a lot to ask for,We laughed at pictures in our passports,Wolf Alice,Heavenly Creatures,Wolf Alice
782370,My Love Is Cool,"Just a prayer, to pray that this would be the time",We laughed at pictures in our passports,Wolf Alice,Heavenly Creatures,Wolf Alice
782370,My Love Is Cool,Time to die,We laughed at pictures in our passports,Wolf Alice,Heavenly Creatures,Wolf Alice
782370,My Love Is Cool,Time to kill,We laughed at pictures in our passports,Wolf Alice,Heavenly Creatures,Wolf Alice
782370,My Love Is Cool,Time will fly,We laughed at pictures in our passports,Wolf Alice,Heavenly Creatures,Wolf Alice
782370,My Love Is Cool,Time will heal,We laughed at pictures in our passports,Wolf Alice,Heavenly Creatures,Wolf Alice
782370,My Love Is Cool,All for love,We laughed at pictures in our passports,Wolf Alice,Heavenly Creatures,Wolf Alice
782370,My Love Is Cool,All for you,We laughed at pictures in our passports,Wolf Alice,Heavenly Creatures,Wolf Alice
782370,My Love Is Cool,God's a judge,We laughed at pictures in our passports,Wolf Alice,Heavenly Creatures,Wolf Alice
782370,My Love Is Cool,Love is true,We laughed at pictures in our passports,Wolf Alice,Heavenly Creatures,Wolf Alice
782370,My Love Is Cool,It's time to die,We laughed at pictures in our passports,Wolf Alice,Heavenly Creatures,Wolf Alice
782370,My Love Is Cool,Time to kill,We laughed at pictures in our passports,Wolf Alice,Heavenly Creatures,Wolf Alice
782370,My Love Is Cool,Time will fly,We laughed at pictures in our passports,Wolf Alice,Heavenly Creatures,Wolf Alice
782370,My Love Is Cool,Time will heal,We laughed at pictures in our passports,Wolf Alice,Heavenly Creatures,Wolf Alice
782370,My Love Is Cool,All for love,We laughed at pictures in our passports,Wolf Alice,Heavenly Creatures,Wolf Alice
782370,My Love Is Cool,All for you,We laughed at pictures in our passports,Wolf Alice,Heavenly Creatures,Wolf Alice
782370,My Love Is Cool,God's a judge,We laughed at pictures in our passports,Wolf Alice,Heavenly Creatures,Wolf Alice
782370,My Love Is Cool,Love is true,We laughed at pictures in our passports,Wolf Alice,Heavenly Creatures,Wolf Alice
782370,My Love Is Cool,Was it never enough that we should simply want to be together?,We laughed at pictures in our passports,Wolf Alice,Heavenly Creatures,Wolf Alice
782370,My Love Is Cool,Was it never enough that we should simply want to be together?,We laughed at pictures in our passports,Wolf Alice,Heavenly Creatures,Wolf Alice
782370,My Love Is Cool,"Together, together, together",We laughed at pictures in our passports,Wolf Alice,Heavenly Creatures,Wolf Alice
782370,My Love Is Cool,There'll be nothing left to be afraid of,We laughed at pictures in our passports,Wolf Alice,Heavenly Creatures,Wolf Alice
782370,My Love Is Cool,‘Cause everything else means nothing at all,We laughed at pictures in our passports,Wolf Alice,Heavenly Creatures,Wolf Alice
782370,My Love Is Cool,It's a crown of thorns for your halo,We laughed at pictures in our passports,Wolf Alice,Heavenly Creatures,Wolf Alice
782370,My Love Is Cool,"I'll be your shadow, don't fear a fall",We laughed at pictures in our passports,Wolf Alice,Heavenly Creatures,Wolf Alice
782370,My Love Is Cool,It's time to die,We laughed at pictures in our passports,Wolf Alice,Heavenly Creatures,Wolf Alice
782370,My Love Is Cool,Time to kill,We laughed at pictures in our passports,Wolf Alice,Heavenly Creatures,Wolf Alice
782370,My Love Is Cool,Time will fly,We laughed at pictures in our passports,Wolf Alice,Heavenly Creatures,Wolf Alice
782370,My Love Is Cool,Time will heal,We laughed at pictures in our passports,Wolf Alice,Heavenly Creatures,Wolf Alice
782370,My Love Is Cool,All for love,We laughed at pictures in our passports,Wolf Alice,Heavenly Creatures,Wolf Alice
782370,My Love Is Cool,All for you,We laughed at pictures in our passports,Wolf Alice,Heavenly Creatures,Wolf Alice
782370,My Love Is Cool,God's a judge,We laughed at pictures in our passports,Wolf Alice,Heavenly Creatures,Wolf Alice
782370,My Love Is Cool,Love is true,We laughed at pictures in our passports,Wolf Alice,Heavenly Creatures,Wolf Alice
782370,My Love Is Cool,It's time to die,We laughed at pictures in our passports,Wolf Alice,Heavenly Creatures,Wolf Alice
782370,My Love Is Cool,Time to kill,We laughed at pictures in our passports,Wolf Alice,Heavenly Creatures,Wolf Alice
782370,My Love Is Cool,Time will fly,We laughed at pictures in our passports,Wolf Alice,Heavenly Creatures,Wolf Alice
782370,My Love Is Cool,Time will heal,We laughed at pictures in our passports,Wolf Alice,Heavenly Creatures,Wolf Alice
782370,My Love Is Cool,All for love,We laughed at pictures in our passports,Wolf Alice,Heavenly Creatures,Wolf Alice
782370,My Love Is Cool,All for you,We laughed at pictures in our passports,Wolf Alice,Heavenly Creatures,Wolf Alice
782370,My Love Is Cool,God's a judge,We laughed at pictures in our passports,Wolf Alice,Heavenly Creatures,Wolf Alice
782370,My Love Is Cool,Love is true,We laughed at pictures in our passports,Wolf Alice,Heavenly Creatures,Wolf Alice
782370,My Love Is Cool,Was it never enough that we should simply want to be together?,We laughed at pictures in our passports,Wolf Alice,Heavenly Creatures,Wolf Alice
782370,My Love Is Cool,Was it never enough that we should simply want to be together?,We laughed at pictures in our passports,Wolf Alice,Heavenly Creatures,Wolf Alice
782370,My Love Is Cool,"Together, together, together",We laughed at pictures in our passports,Wolf Alice,Heavenly Creatures,Wolf Alice
1864213,My Love Is Cool,I got change in a pocket somewhere,Verse 1,Wolf Alice,Giant Peach,Wolf Alice
1864213,My Love Is Cool,Got my letter in the box,Verse 1,Wolf Alice,Giant Peach,Wolf Alice
1864213,My Love Is Cool,Tired of waiting for the bus to nowhere,Verse 1,Wolf Alice,Giant Peach,Wolf Alice
1864213,My Love Is Cool,And tired of chasing the stone fox,Verse 1,Wolf Alice,Giant Peach,Wolf Alice
1864213,My Love Is Cool,"I don't tell lies no more, ya know",Verse 1,Wolf Alice,Giant Peach,Wolf Alice
1864213,My Love Is Cool,I just don't tell the truth,Verse 1,Wolf Alice,Giant Peach,Wolf Alice
1864213,My Love Is Cool,"I don't know what I'm looking for, ya know",Verse 1,Wolf Alice,Giant Peach,Wolf Alice
1864213,My Love Is Cool,But I'm not looking for proof,Verse 1,Wolf Alice,Giant Peach,Wolf Alice
1864213,My Love Is Cool,"I have a tricky love affair, ya know",Verse 2,Wolf Alice,Giant Peach,Wolf Alice
1864213,My Love Is Cool,With the place where I grew up,Verse 2,Wolf Alice,Giant Peach,Wolf Alice
1864213,My Love Is Cool,"But it knows I'll never leave, ya know",Verse 2,Wolf Alice,Giant Peach,Wolf Alice
1864213,My Love Is Cool,I never left it much,Verse 2,Wolf Alice,Giant Peach,Wolf Alice
1864213,My Love Is Cool,"I hate to see it despair, oh, don't you do it",Verse 2,Wolf Alice,Giant Peach,Wolf Alice
1864213,My Love Is Cool,I hate to see it screw up,Verse 2,Wolf Alice,Giant Peach,Wolf Alice
1864213,My Love Is Cool,But it knows I can hardly grieve,Verse 2,Wolf Alice,Giant Peach,Wolf Alice
1864213,My Love Is Cool,"When it's hard to give a, hard to give a... (*scream*)",Verse 2,Wolf Alice,Giant Peach,Wolf Alice
1864213,My Love Is Cool,Don't know what keeps me here,Bridge,Wolf Alice,Giant Peach,Wolf Alice
1864213,My Love Is Cool,It's not the boy giving the funny feels,Bridge,Wolf Alice,Giant Peach,Wolf Alice
1864213,My Love Is Cool,Don't know what keeps me here,Bridge,Wolf Alice,Giant Peach,Wolf Alice
1864213,My Love Is Cool,It's not the P to pay for the wheel,Bridge,Wolf Alice,Giant Peach,Wolf Alice
1864213,My Love Is Cool,What the hell keeps me here?,Bridge,Wolf Alice,Giant Peach,Wolf Alice
1864213,My Love Is Cool,In this dark old town that I've adored,Bridge,Wolf Alice,Giant Peach,Wolf Alice
1864213,My Love Is Cool,The rules don't seem so clear,Bridge,Wolf Alice,Giant Peach,Wolf Alice
1864213,My Love Is Cool,"And change, it feels like fear, it's all you know",Bridge,Wolf Alice,Giant Peach,Wolf Alice
1864213,My Love Is Cool,Our dark and pretty town,Outro,Wolf Alice,Giant Peach,Wolf Alice
1864213,My Love Is Cool,Our dark and pretty town,Outro,Wolf Alice,Giant Peach,Wolf Alice
1864213,My Love Is Cool,Our dark and handsome town,Outro,Wolf Alice,Giant Peach,Wolf Alice
1864213,My Love Is Cool,Our dark and pretty town,Outro,Wolf Alice,Giant Peach,Wolf Alice
1864213,My Love Is Cool,My dark and pretty town,Outro,Wolf Alice,Giant Peach,Wolf Alice
2149651,My Love Is Cool,Long were the days,Verse 1,Wolf Alice,Freazy,Wolf Alice
2149651,My Love Is Cool,Where the window held the deepest of my thoughts,Verse 1,Wolf Alice,Freazy,Wolf Alice
2149651,My Love Is Cool,"It's okay, I found my place",Verse 1,Wolf Alice,Freazy,Wolf Alice
2149651,My Love Is Cool,Found on the way,Verse 1,Wolf Alice,Freazy,Wolf Alice
2149651,My Love Is Cool,To the place I never really thought I'd go,Verse 1,Wolf Alice,Freazy,Wolf Alice
2149651,My Love Is Cool,"It's okay, you were there in the back of my brain",Verse 1,Wolf Alice,Freazy,Wolf Alice
2149651,My Love Is Cool,Did you really wanna...with Alice?,Chorus,Wolf Alice,Freazy,Wolf Alice
2149651,My Love Is Cool,Did you really wanna...with the wolf?,Chorus,Wolf Alice,Freazy,Wolf Alice
2149651,My Love Is Cool,You can hate us all you want but,Chorus,Wolf Alice,Freazy,Wolf Alice
2149651,My Love Is Cool,It don't mean nothing at all,Chorus,Wolf Alice,Freazy,Wolf Alice
2149651,My Love Is Cool,You can join us if you think you're wild,Chorus,Wolf Alice,Freazy,Wolf Alice
2149651,My Love Is Cool,You can join us if you're a feral child,Chorus,Wolf Alice,Freazy,Wolf Alice
2149651,My Love Is Cool,Our love is cool,Chorus,Wolf Alice,Freazy,Wolf Alice
2149651,My Love Is Cool,I built the paths,Verse 2,Wolf Alice,Freazy,Wolf Alice
2149651,My Love Is Cool,That I took in my head over and over again,Verse 2,Wolf Alice,Freazy,Wolf Alice
2149651,My Love Is Cool,"Step to step, to the light at the end",Verse 2,Wolf Alice,Freazy,Wolf Alice
2149651,My Love Is Cool,"Oh, make believe",Verse 2,Wolf Alice,Freazy,Wolf Alice
2149651,My Love Is Cool,I was a prisoner to my thoughts throughout my teens,Verse 2,Wolf Alice,Freazy,Wolf Alice
2149651,My Love Is Cool,"Look at me, I don't read in between",Verse 2,Wolf Alice,Freazy,Wolf Alice
2149651,My Love Is Cool,Did you really wanna…with Alice?,Chorus,Wolf Alice,Freazy,Wolf Alice
2149651,My Love Is Cool,Did you really wanna…with the wolf?,Chorus,Wolf Alice,Freazy,Wolf Alice
2149651,My Love Is Cool,You can hate us all you want but,Chorus,Wolf Alice,Freazy,Wolf Alice
2149651,My Love Is Cool,It don't mean nothing at all,Chorus,Wolf Alice,Freazy,Wolf Alice
2149651,My Love Is Cool,You can join us if you think you're wild,Chorus,Wolf Alice,Freazy,Wolf Alice
2149651,My Love Is Cool,You can join us if you're a feral child,Chorus,Wolf Alice,Freazy,Wolf Alice
2149651,My Love Is Cool,Our love is cool,Chorus,Wolf Alice,Freazy,Wolf Alice
2149651,My Love Is Cool,I will meet you where the grass is greener,Bridge,Wolf Alice,Freazy,Wolf Alice
2149651,My Love Is Cool,"Hands on the clock, no, I ain't watchin' them either",Bridge,Wolf Alice,Freazy,Wolf Alice
2149651,My Love Is Cool,I will meet you where the grass is greener,Bridge,Wolf Alice,Freazy,Wolf Alice
2149651,My Love Is Cool,"Hands on the clock, no, I ain't watchin' them either",Bridge,Wolf Alice,Freazy,Wolf Alice
2149651,My Love Is Cool,(I will meet you where the grass is greener),Chorus,Wolf Alice,Freazy,Wolf Alice
2149651,My Love Is Cool,Did you really wanna...with Alice?,Chorus,Wolf Alice,Freazy,Wolf Alice
2149651,My Love Is Cool,Did you really wanna...with the wolf?,Chorus,Wolf Alice,Freazy,Wolf Alice
2149651,My Love Is Cool,You can hate us all you want but,Chorus,Wolf Alice,Freazy,Wolf Alice
2149651,My Love Is Cool,It don't mean nothing at all,Chorus,Wolf Alice,Freazy,Wolf Alice
2149651,My Love Is Cool,"(Hands on the clock, no, I ain't watchin' them either)",Chorus,Wolf Alice,Freazy,Wolf Alice
2149651,My Love Is Cool,You can join us if you think you're wild,Chorus,Wolf Alice,Freazy,Wolf Alice
2149651,My Love Is Cool,You can join us if you're a feral child,Chorus,Wolf Alice,Freazy,Wolf Alice
2149651,My Love Is Cool,Our love is cool,Chorus,Wolf Alice,Freazy,Wolf Alice
2149651,My Love Is Cool,(I will meet you where the grass is greener),Chorus,Wolf Alice,Freazy,Wolf Alice
2149651,My Love Is Cool,Did you really wanna...with Alice?,Chorus,Wolf Alice,Freazy,Wolf Alice
2149651,My Love Is Cool,Did you really wanna...with the wolf?,Chorus,Wolf Alice,Freazy,Wolf Alice
2149651,My Love Is Cool,You can hate us all you want but,Chorus,Wolf Alice,Freazy,Wolf Alice
2149651,My Love Is Cool,It don't mean nothing at all,Chorus,Wolf Alice,Freazy,Wolf Alice
2149651,My Love Is Cool,"(Hands on the clock, no, I ain't watchin' them either)",Chorus,Wolf Alice,Freazy,Wolf Alice
2149651,My Love Is Cool,You can join us if you think you're wild,Chorus,Wolf Alice,Freazy,Wolf Alice
2149651,My Love Is Cool,You can join us if you're a feral child,Chorus,Wolf Alice,Freazy,Wolf Alice
2149651,My Love Is Cool,Our love is cool,Chorus,Wolf Alice,Freazy,Wolf Alice
3101737,Visions of a Life,He's got you on your knees,Verse 1,Wolf Alice,Formidable Cool,Wolf Alice
3101737,Visions of a Life,With that formidable cool,Verse 1,Wolf Alice,Formidable Cool,Wolf Alice
3101737,Visions of a Life,Infected you like a disease,Verse 1,Wolf Alice,Formidable Cool,Wolf Alice
3101737,Visions of a Life,With that formidable cool,Verse 1,Wolf Alice,Formidable Cool,Wolf Alice
3101737,Visions of a Life,I know it's all an act,Pre-Chorus 1,Wolf Alice,Formidable Cool,Wolf Alice
3101737,Visions of a Life,I can practically hear the pen planning,Pre-Chorus 1,Wolf Alice,Formidable Cool,Wolf Alice
3101737,Visions of a Life,The moment that you meet him,Verse 2,Wolf Alice,Formidable Cool,Wolf Alice
3101737,Visions of a Life,"Your name shoots up, up on the list of the deathpool",Verse 2,Wolf Alice,Formidable Cool,Wolf Alice
3101737,Visions of a Life,You’ll find him in his seedy setup,Verse 2,Wolf Alice,Formidable Cool,Wolf Alice
3101737,Visions of a Life,At the community dance hall,Verse 2,Wolf Alice,Formidable Cool,Wolf Alice
3101737,Visions of a Life,Pink lights flicker,Verse 2,Wolf Alice,Formidable Cool,Wolf Alice
3101737,Visions of a Life,His hand in somebody's knickers,Verse 2,Wolf Alice,Formidable Cool,Wolf Alice
3101737,Visions of a Life,He only has to look at you twice,Verse 2,Wolf Alice,Formidable Cool,Wolf Alice
3101737,Visions of a Life,"To claim you, his love fool",Verse 2,Wolf Alice,Formidable Cool,Wolf Alice
3101737,Visions of a Life,And I knew it was all an act,Pre-Chorus 1,Wolf Alice,Formidable Cool,Wolf Alice
3101737,Visions of a Life,I can practically hear the pen planning,Pre-Chorus 1,Wolf Alice,Formidable Cool,Wolf Alice
3101737,Visions of a Life,"Yeah, I knew it was all an act",Pre-Chorus 1,Wolf Alice,Formidable Cool,Wolf Alice
3101737,Visions of a Life,God never needed another stand in,Pre-Chorus 1,Wolf Alice,Formidable Cool,Wolf Alice
3101737,Visions of a Life,Believe in the chorus,Chorus 1,Wolf Alice,Formidable Cool,Wolf Alice
3101737,Visions of a Life,Believe in love,Chorus 1,Wolf Alice,Formidable Cool,Wolf Alice
3101737,Visions of a Life,Believe in the chorus,Chorus 1,Wolf Alice,Formidable Cool,Wolf Alice
3101737,Visions of a Life,Believe in love,Chorus 1,Wolf Alice,Formidable Cool,Wolf Alice
3101737,Visions of a Life,Believe in the chorus,Chorus 1,Wolf Alice,Formidable Cool,Wolf Alice
3101737,Visions of a Life,Relieve in my touch,Chorus 1,Wolf Alice,Formidable Cool,Wolf Alice
3101737,Visions of a Life,I believe in the chorus,Chorus 1,Wolf Alice,Formidable Cool,Wolf Alice
3101737,Visions of a Life,I believe in love,Chorus 1,Wolf Alice,Formidable Cool,Wolf Alice
3101737,Visions of a Life,You listen to his lectures on life,Verse 3,Wolf Alice,Formidable Cool,Wolf Alice
3101737,Visions of a Life,Without one of your own,Verse 3,Wolf Alice,Formidable Cool,Wolf Alice
3101737,Visions of a Life,When he tells you death is pure,Verse 3,Wolf Alice,Formidable Cool,Wolf Alice
3101737,Visions of a Life,It reverberates right into your bones,Verse 3,Wolf Alice,Formidable Cool,Wolf Alice
3101737,Visions of a Life,So you ask him for information,Verse 3,Wolf Alice,Formidable Cool,Wolf Alice
3101737,Visions of a Life,On why you once wanted to die,Verse 3,Wolf Alice,Formidable Cool,Wolf Alice
3101737,Visions of a Life,And he gives you satisfaction,Verse 3,Wolf Alice,Formidable Cool,Wolf Alice
3101737,Visions of a Life,In whatever form he likes,Verse 3,Wolf Alice,Formidable Cool,Wolf Alice
3101737,Visions of a Life,To heal the wounds you have,Verse 3,Wolf Alice,Formidable Cool,Wolf Alice
3101737,Visions of a Life,And not to open any more,Verse 3,Wolf Alice,Formidable Cool,Wolf Alice
3101737,Visions of a Life,But that's all he fucking did,Verse 3,Wolf Alice,Formidable Cool,Wolf Alice
3101737,Visions of a Life,When he fucked you on the floor,Verse 3,Wolf Alice,Formidable Cool,Wolf Alice
3101737,Visions of a Life,And if you knew it was all an act,Pre-Chorus 2,Wolf Alice,Formidable Cool,Wolf Alice
3101737,Visions of a Life,Then what are you crying for?,Pre-Chorus 2,Wolf Alice,Formidable Cool,Wolf Alice
3101737,Visions of a Life,"Yeah, if you knew it was all an act",Pre-Chorus 2,Wolf Alice,Formidable Cool,Wolf Alice
3101737,Visions of a Life,Then why are you crying?,Pre-Chorus 2,Wolf Alice,Formidable Cool,Wolf Alice
3101737,Visions of a Life,What did you think when you saw us?,Chorus 2,Wolf Alice,Formidable Cool,Wolf Alice
3101737,Visions of a Life,I thought it'd be fun,Chorus 2,Wolf Alice,Formidable Cool,Wolf Alice
3101737,Visions of a Life,I believed what he taught us,Chorus 2,Wolf Alice,Formidable Cool,Wolf Alice
3101737,Visions of a Life,I believed in love,Chorus 2,Wolf Alice,Formidable Cool,Wolf Alice
3101737,Visions of a Life,Believed in the chorus,Chorus 2,Wolf Alice,Formidable Cool,Wolf Alice
3101737,Visions of a Life,Relieved in his touch,Chorus 2,Wolf Alice,Formidable Cool,Wolf Alice
3101737,Visions of a Life,I lived by the chorus,Chorus 2,Wolf Alice,Formidable Cool,Wolf Alice
3101737,Visions of a Life,Believed in love,Chorus 2,Wolf Alice,Formidable Cool,Wolf Alice
3101737,Visions of a Life,He's got you on your knees,Verse 1,Wolf Alice,Formidable Cool,Wolf Alice
3101737,Visions of a Life,With that formidable cool,Verse 1,Wolf Alice,Formidable Cool,Wolf Alice
3101737,Visions of a Life,Infected you like a disease,Verse 1,Wolf Alice,Formidable Cool,Wolf Alice
3101737,Visions of a Life,With that formidable cool,Verse 1,Wolf Alice,Formidable Cool,Wolf Alice
3101737,Visions of a Life,I know it's all an act,Pre-Chorus 1,Wolf Alice,Formidable Cool,Wolf Alice
3101737,Visions of a Life,I can practically hear the pen planning,Pre-Chorus 1,Wolf Alice,Formidable Cool,Wolf Alice
3101737,Visions of a Life,The moment that you meet him,Verse 2,Wolf Alice,Formidable Cool,Wolf Alice
3101737,Visions of a Life,"Your name shoots up, up on the list of the deathpool",Verse 2,Wolf Alice,Formidable Cool,Wolf Alice
3101737,Visions of a Life,You’ll find him in his seedy setup,Verse 2,Wolf Alice,Formidable Cool,Wolf Alice
3101737,Visions of a Life,At the community dance hall,Verse 2,Wolf Alice,Formidable Cool,Wolf Alice
3101737,Visions of a Life,Pink lights flicker,Verse 2,Wolf Alice,Formidable Cool,Wolf Alice
3101737,Visions of a Life,His hand in somebody's knickers,Verse 2,Wolf Alice,Formidable Cool,Wolf Alice
3101737,Visions of a Life,He only has to look at you twice,Verse 2,Wolf Alice,Formidable Cool,Wolf Alice
3101737,Visions of a Life,"To claim you, his love fool",Verse 2,Wolf Alice,Formidable Cool,Wolf Alice
3101737,Visions of a Life,And I knew it was all an act,Pre-Chorus 1,Wolf Alice,Formidable Cool,Wolf Alice
3101737,Visions of a Life,I can practically hear the pen planning,Pre-Chorus 1,Wolf Alice,Formidable Cool,Wolf Alice
3101737,Visions of a Life,"Yeah, I knew it was all an act",Pre-Chorus 1,Wolf Alice,Formidable Cool,Wolf Alice
3101737,Visions of a Life,God never needed another stand in,Pre-Chorus 1,Wolf Alice,Formidable Cool,Wolf Alice
3101737,Visions of a Life,Believe in the chorus,Chorus 1,Wolf Alice,Formidable Cool,Wolf Alice
3101737,Visions of a Life,Believe in love,Chorus 1,Wolf Alice,Formidable Cool,Wolf Alice
3101737,Visions of a Life,Believe in the chorus,Chorus 1,Wolf Alice,Formidable Cool,Wolf Alice
3101737,Visions of a Life,Believe in love,Chorus 1,Wolf Alice,Formidable Cool,Wolf Alice
3101737,Visions of a Life,Believe in the chorus,Chorus 1,Wolf Alice,Formidable Cool,Wolf Alice
3101737,Visions of a Life,Relieve in my touch,Chorus 1,Wolf Alice,Formidable Cool,Wolf Alice
3101737,Visions of a Life,I believe in the chorus,Chorus 1,Wolf Alice,Formidable Cool,Wolf Alice
3101737,Visions of a Life,I believe in love,Chorus 1,Wolf Alice,Formidable Cool,Wolf Alice
3101737,Visions of a Life,You listen to his lectures on life,Verse 3,Wolf Alice,Formidable Cool,Wolf Alice
3101737,Visions of a Life,Without one of your own,Verse 3,Wolf Alice,Formidable Cool,Wolf Alice
3101737,Visions of a Life,When he tells you death is pure,Verse 3,Wolf Alice,Formidable Cool,Wolf Alice
3101737,Visions of a Life,It reverberates right into your bones,Verse 3,Wolf Alice,Formidable Cool,Wolf Alice
3101737,Visions of a Life,So you ask him for information,Verse 3,Wolf Alice,Formidable Cool,Wolf Alice
3101737,Visions of a Life,On why you once wanted to die,Verse 3,Wolf Alice,Formidable Cool,Wolf Alice
3101737,Visions of a Life,And he gives you satisfaction,Verse 3,Wolf Alice,Formidable Cool,Wolf Alice
3101737,Visions of a Life,In whatever form he likes,Verse 3,Wolf Alice,Formidable Cool,Wolf Alice
3101737,Visions of a Life,To heal the wounds you have,Verse 3,Wolf Alice,Formidable Cool,Wolf Alice
3101737,Visions of a Life,And not to open any more,Verse 3,Wolf Alice,Formidable Cool,Wolf Alice
3101737,Visions of a Life,But that's all he fucking did,Verse 3,Wolf Alice,Formidable Cool,Wolf Alice
3101737,Visions of a Life,When he fucked you on the floor,Verse 3,Wolf Alice,Formidable Cool,Wolf Alice
3101737,Visions of a Life,And if you knew it was all an act,Pre-Chorus 2,Wolf Alice,Formidable Cool,Wolf Alice
3101737,Visions of a Life,Then what are you crying for?,Pre-Chorus 2,Wolf Alice,Formidable Cool,Wolf Alice
3101737,Visions of a Life,"Yeah, if you knew it was all an act",Pre-Chorus 2,Wolf Alice,Formidable Cool,Wolf Alice
3101737,Visions of a Life,Then why are you crying?,Pre-Chorus 2,Wolf Alice,Formidable Cool,Wolf Alice
3101737,Visions of a Life,What did you think when you saw us?,Chorus 2,Wolf Alice,Formidable Cool,Wolf Alice
3101737,Visions of a Life,I thought it'd be fun,Chorus 2,Wolf Alice,Formidable Cool,Wolf Alice
3101737,Visions of a Life,I believed what he taught us,Chorus 2,Wolf Alice,Formidable Cool,Wolf Alice
3101737,Visions of a Life,I believed in love,Chorus 2,Wolf Alice,Formidable Cool,Wolf Alice
3101737,Visions of a Life,Believed in the chorus,Chorus 2,Wolf Alice,Formidable Cool,Wolf Alice
3101737,Visions of a Life,Relieved in his touch,Chorus 2,Wolf Alice,Formidable Cool,Wolf Alice
3101737,Visions of a Life,I lived by the chorus,Chorus 2,Wolf Alice,Formidable Cool,Wolf Alice
3101737,Visions of a Life,Believed in love,Chorus 2,Wolf Alice,Formidable Cool,Wolf Alice
1779993,My Love Is Cool,"You look smart, but I don't care",Verse 1,Wolf Alice,Fluffy,Wolf Alice
1779993,My Love Is Cool,I'm not looking for no love affair,Verse 1,Wolf Alice,Fluffy,Wolf Alice
1779993,My Love Is Cool,I'd sell you my soul just to get me somewhere,Verse 1,Wolf Alice,Fluffy,Wolf Alice
1779993,My Love Is Cool,What's there to do in this dead-out town?,Verse 1,Wolf Alice,Fluffy,Wolf Alice
1779993,My Love Is Cool,"Oh, I can't believe I live here now",Verse 1,Wolf Alice,Fluffy,Wolf Alice
1779993,My Love Is Cool,So I'm searching for cheap thrills some way and somehow,Verse 1,Wolf Alice,Fluffy,Wolf Alice
1779993,My Love Is Cool,"Sixteen, so sweet!",Chorus,Wolf Alice,Fluffy,Wolf Alice
1779993,My Love Is Cool,"Sixteen, so sweet!",Chorus,Wolf Alice,Fluffy,Wolf Alice
1779993,My Love Is Cool,"Wait, waiting, I give in",Interlude,Wolf Alice,Fluffy,Wolf Alice
1779993,My Love Is Cool,Send me a ride and make it bright and early,Verse 2,Wolf Alice,Fluffy,Wolf Alice
1779993,My Love Is Cool,What makes you smile just makes me feel funny,Verse 2,Wolf Alice,Fluffy,Wolf Alice
1779993,My Love Is Cool,So who's gonna love me here and where's all the money?,Verse 2,Wolf Alice,Fluffy,Wolf Alice
1779993,My Love Is Cool,What's there to do? I've got nothing in this dead-out town,Verse 2,Wolf Alice,Fluffy,Wolf Alice
1779993,My Love Is Cool,"Oh, I can't believe I live here now",Verse 2,Wolf Alice,Fluffy,Wolf Alice
1779993,My Love Is Cool,So I'm searching for cheap thrills the way I know how,Verse 2,Wolf Alice,Fluffy,Wolf Alice
1779993,My Love Is Cool,"Sixteen, so sweet!",Chorus,Wolf Alice,Fluffy,Wolf Alice
1779993,My Love Is Cool,"Sixteen, so sweet!",Chorus,Wolf Alice,Fluffy,Wolf Alice
1779993,My Love Is Cool,"As I sit here waiting, palms itching",Outro,Wolf Alice,Fluffy,Wolf Alice
1779993,My Love Is Cool,"I hear the wheels breaking, train coming",Outro,Wolf Alice,Fluffy,Wolf Alice
1779993,My Love Is Cool,"You look smart, but I don't care",Verse 1,Wolf Alice,Fluffy,Wolf Alice
1779993,My Love Is Cool,I'm not looking for no love affair,Verse 1,Wolf Alice,Fluffy,Wolf Alice
1779993,My Love Is Cool,I'd sell you my soul just to get me somewhere,Verse 1,Wolf Alice,Fluffy,Wolf Alice
1779993,My Love Is Cool,What's there to do in this dead-out town?,Verse 1,Wolf Alice,Fluffy,Wolf Alice
1779993,My Love Is Cool,"Oh, I can't believe I live here now",Verse 1,Wolf Alice,Fluffy,Wolf Alice
1779993,My Love Is Cool,So I'm searching for cheap thrills some way and somehow,Verse 1,Wolf Alice,Fluffy,Wolf Alice
1779993,My Love Is Cool,"Sixteen, so sweet!",Chorus,Wolf Alice,Fluffy,Wolf Alice
1779993,My Love Is Cool,"Sixteen, so sweet!",Chorus,Wolf Alice,Fluffy,Wolf Alice
1779993,My Love Is Cool,"Wait, waiting, I give in",Interlude,Wolf Alice,Fluffy,Wolf Alice
1779993,My Love Is Cool,Send me a ride and make it bright and early,Verse 2,Wolf Alice,Fluffy,Wolf Alice
1779993,My Love Is Cool,What makes you smile just makes me feel funny,Verse 2,Wolf Alice,Fluffy,Wolf Alice
1779993,My Love Is Cool,So who's gonna love me here and where's all the money?,Verse 2,Wolf Alice,Fluffy,Wolf Alice
1779993,My Love Is Cool,What's there to do? I've got nothing in this dead-out town,Verse 2,Wolf Alice,Fluffy,Wolf Alice
1779993,My Love Is Cool,"Oh, I can't believe I live here now",Verse 2,Wolf Alice,Fluffy,Wolf Alice
1779993,My Love Is Cool,So I'm searching for cheap thrills the way I know how,Verse 2,Wolf Alice,Fluffy,Wolf Alice
1779993,My Love Is Cool,"Sixteen, so sweet!",Chorus,Wolf Alice,Fluffy,Wolf Alice
1779993,My Love Is Cool,"Sixteen, so sweet!",Chorus,Wolf Alice,Fluffy,Wolf Alice
1779993,My Love Is Cool,"As I sit here waiting, palms itching",Outro,Wolf Alice,Fluffy,Wolf Alice
1779993,My Love Is Cool,"I hear the wheels breaking, train coming",Outro,Wolf Alice,Fluffy,Wolf Alice
6525048,Blue Weekend,He's had so many lovers,Verse 1,Wolf Alice,Feeling Myself,Wolf Alice
6525048,Blue Weekend,Don't mean he's been pleasing anyone,Verse 1,Wolf Alice,Feeling Myself,Wolf Alice
6525048,Blue Weekend,Doesn't matter 'bout numbers,Verse 1,Wolf Alice,Feeling Myself,Wolf Alice
6525048,Blue Weekend,When it's breaking news that it takes two to love,Verse 1,Wolf Alice,Feeling Myself,Wolf Alice
6525048,Blue Weekend,I was always taught to give,Verse 1,Wolf Alice,Feeling Myself,Wolf Alice
6525048,Blue Weekend,Give and make it good,Verse 1,Wolf Alice,Feeling Myself,Wolf Alice
6525048,Blue Weekend,Just as misunderstood as him,Verse 1,Wolf Alice,Feeling Myself,Wolf Alice
6525048,Blue Weekend,'Cause that's no way to live,Verse 1,Wolf Alice,Feeling Myself,Wolf Alice
6525048,Blue Weekend,And that's no way to play the game of love,Verse 1,Wolf Alice,Feeling Myself,Wolf Alice
6525048,Blue Weekend,Now I'm really feeling myself,Chorus,Wolf Alice,Feeling Myself,Wolf Alice
6525048,Blue Weekend,"Yeah, I really feel myself",Chorus,Wolf Alice,Feeling Myself,Wolf Alice
6525048,Blue Weekend,"(So much better when I, ooh, ooh)",Chorus,Wolf Alice,Feeling Myself,Wolf Alice
6525048,Blue Weekend,Let's explore the space,Verse 2,Wolf Alice,Feeling Myself,Wolf Alice
6525048,Blue Weekend,It's like we're moving in circles,Verse 2,Wolf Alice,Feeling Myself,Wolf Alice
6525048,Blue Weekend,And my love doesn't takе any shape,Verse 2,Wolf Alice,Feeling Myself,Wolf Alice
6525048,Blue Weekend,I watch you as you're watching me,Verse 2,Wolf Alice,Feeling Myself,Wolf Alice
6525048,Blue Weekend,This lovе's for free,Verse 2,Wolf Alice,Feeling Myself,Wolf Alice
6525048,Blue Weekend,Keep my name on your lips,Verse 2,Wolf Alice,Feeling Myself,Wolf Alice
6525048,Blue Weekend,Let the double L feel like a kiss,Verse 2,Wolf Alice,Feeling Myself,Wolf Alice
6525048,Blue Weekend,(She lifts off out her body),Bridge,Wolf Alice,Feeling Myself,Wolf Alice
6525048,Blue Weekend,Now I'm really feeling myself,Chorus,Wolf Alice,Feeling Myself,Wolf Alice
6525048,Blue Weekend,You can watch me as I feel myself,Chorus,Wolf Alice,Feeling Myself,Wolf Alice
6525048,Blue Weekend,"(So much better when I, ooh, ooh)",Chorus,Wolf Alice,Feeling Myself,Wolf Alice
6525048,Blue Weekend,It felt like a kiss,Chorus,Wolf Alice,Feeling Myself,Wolf Alice
6525048,Blue Weekend,He's had so many lovers,Verse 1,Wolf Alice,Feeling Myself,Wolf Alice
6525048,Blue Weekend,Don't mean he's been pleasing anyone,Verse 1,Wolf Alice,Feeling Myself,Wolf Alice
6525048,Blue Weekend,Doesn't matter 'bout numbers,Verse 1,Wolf Alice,Feeling Myself,Wolf Alice
6525048,Blue Weekend,When it's breaking news that it takes two to love,Verse 1,Wolf Alice,Feeling Myself,Wolf Alice
6525048,Blue Weekend,I was always taught to give,Verse 1,Wolf Alice,Feeling Myself,Wolf Alice
6525048,Blue Weekend,Give and make it good,Verse 1,Wolf Alice,Feeling Myself,Wolf Alice
6525048,Blue Weekend,Just as misunderstood as him,Verse 1,Wolf Alice,Feeling Myself,Wolf Alice
6525048,Blue Weekend,'Cause that's no way to live,Verse 1,Wolf Alice,Feeling Myself,Wolf Alice
6525048,Blue Weekend,And that's no way to play the game of love,Verse 1,Wolf Alice,Feeling Myself,Wolf Alice
6525048,Blue Weekend,Now I'm really feeling myself,Chorus,Wolf Alice,Feeling Myself,Wolf Alice
6525048,Blue Weekend,"Yeah, I really feel myself",Chorus,Wolf Alice,Feeling Myself,Wolf Alice
6525048,Blue Weekend,"(So much better when I, ooh, ooh)",Chorus,Wolf Alice,Feeling Myself,Wolf Alice
6525048,Blue Weekend,Let's explore the space,Verse 2,Wolf Alice,Feeling Myself,Wolf Alice
6525048,Blue Weekend,It's like we're moving in circles,Verse 2,Wolf Alice,Feeling Myself,Wolf Alice
6525048,Blue Weekend,And my love doesn't takе any shape,Verse 2,Wolf Alice,Feeling Myself,Wolf Alice
6525048,Blue Weekend,I watch you as you're watching me,Verse 2,Wolf Alice,Feeling Myself,Wolf Alice
6525048,Blue Weekend,This lovе's for free,Verse 2,Wolf Alice,Feeling Myself,Wolf Alice
6525048,Blue Weekend,Keep my name on your lips,Verse 2,Wolf Alice,Feeling Myself,Wolf Alice
6525048,Blue Weekend,Let the double L feel like a kiss,Verse 2,Wolf Alice,Feeling Myself,Wolf Alice
6525048,Blue Weekend,(She lifts off out her body),Bridge,Wolf Alice,Feeling Myself,Wolf Alice
6525048,Blue Weekend,Now I'm really feeling myself,Chorus,Wolf Alice,Feeling Myself,Wolf Alice
6525048,Blue Weekend,You can watch me as I feel myself,Chorus,Wolf Alice,Feeling Myself,Wolf Alice
6525048,Blue Weekend,"(So much better when I, ooh, ooh)",Chorus,Wolf Alice,Feeling Myself,Wolf Alice
6525048,Blue Weekend,It felt like a kiss,Chorus,Wolf Alice,Feeling Myself,Wolf Alice
3101731,Visions of a Life,"I see the signs of a lifetime, you 'til I die",Intro,Wolf Alice,Don’t Delete the Kisses,Wolf Alice
3101731,Visions of a Life,"And I'm swiftly out, Irish goodbye",Intro,Wolf Alice,Don’t Delete the Kisses,Wolf Alice
3101731,Visions of a Life,What if it's not meant for me?,Chorus 1,Wolf Alice,Don’t Delete the Kisses,Wolf Alice
3101731,Visions of a Life,Love,Chorus 1,Wolf Alice,Don’t Delete the Kisses,Wolf Alice
3101731,Visions of a Life,What if it's not meant for me?,Chorus 1,Wolf Alice,Don’t Delete the Kisses,Wolf Alice
3101731,Visions of a Life,Love,Chorus 1,Wolf Alice,Don’t Delete the Kisses,Wolf Alice
3101731,Visions of a Life,I'd like to get to know you,Verse 1,Wolf Alice,Don’t Delete the Kisses,Wolf Alice
3101731,Visions of a Life,I'd like to take you out,Verse 1,Wolf Alice,Don’t Delete the Kisses,Wolf Alice
3101731,Visions of a Life,We'd go to The Hail Mary,Verse 1,Wolf Alice,Don’t Delete the Kisses,Wolf Alice
3101731,Visions of a Life,And afterwards make out,Verse 1,Wolf Alice,Don’t Delete the Kisses,Wolf Alice
3101731,Visions of a Life,"Instead, I'm typing you a message",Verse 1,Wolf Alice,Don’t Delete the Kisses,Wolf Alice
3101731,Visions of a Life,That I know I'll never send,Verse 1,Wolf Alice,Don’t Delete the Kisses,Wolf Alice
3101731,Visions of a Life,Rewriting old excuses,Verse 1,Wolf Alice,Don’t Delete the Kisses,Wolf Alice
3101731,Visions of a Life,Delete the kisses at the end,Verse 1,Wolf Alice,Don’t Delete the Kisses,Wolf Alice
3101731,Visions of a Life,"When I see you, the whole world reduces",Verse 1,Wolf Alice,Don’t Delete the Kisses,Wolf Alice
3101731,Visions of a Life,To just that room,Verse 1,Wolf Alice,Don’t Delete the Kisses,Wolf Alice
3101731,Visions of a Life,And then I remember and I'm shy,Verse 1,Wolf Alice,Don’t Delete the Kisses,Wolf Alice
3101731,Visions of a Life,That gossip's eye will look too soon,Verse 1,Wolf Alice,Don’t Delete the Kisses,Wolf Alice
3101731,Visions of a Life,"And then I'm trapped, overthinking",Verse 1,Wolf Alice,Don’t Delete the Kisses,Wolf Alice
3101731,Visions of a Life,"And yeah, probably self-doubt",Verse 1,Wolf Alice,Don’t Delete the Kisses,Wolf Alice
3101731,Visions of a Life,You tell me to get over it,Verse 1,Wolf Alice,Don’t Delete the Kisses,Wolf Alice
3101731,Visions of a Life,And to take you out,Verse 1,Wolf Alice,Don’t Delete the Kisses,Wolf Alice
3101731,Visions of a Life,"But I can't, I'm too scared",Verse 1,Wolf Alice,Don’t Delete the Kisses,Wolf Alice
3101731,Visions of a Life,"And here's the night bus, I have to go",Verse 1,Wolf Alice,Don’t Delete the Kisses,Wolf Alice
3101731,Visions of a Life,"And the doors are closing, and you were waving",Verse 1,Wolf Alice,Don’t Delete the Kisses,Wolf Alice
3101731,Visions of a Life,"And I like you, and I'll never let it show",Verse 1,Wolf Alice,Don’t Delete the Kisses,Wolf Alice
3101731,Visions of a Life,"And you won't wait, and maybe I won't mind",Verse 1,Wolf Alice,Don’t Delete the Kisses,Wolf Alice
3101731,Visions of a Life,I work better on my own,Verse 1,Wolf Alice,Don’t Delete the Kisses,Wolf Alice
3101731,Visions of a Life,"And now I'm home, a little bit drunk",Verse 1,Wolf Alice,Don’t Delete the Kisses,Wolf Alice
3101731,Visions of a Life,And I ask myself,Verse 1,Wolf Alice,Don’t Delete the Kisses,Wolf Alice
3101731,Visions of a Life,What if it's not meant for me?,Chorus 1,Wolf Alice,Don’t Delete the Kisses,Wolf Alice
3101731,Visions of a Life,Love,Chorus 1,Wolf Alice,Don’t Delete the Kisses,Wolf Alice
3101731,Visions of a Life,What if it's not meant for me?,Chorus 1,Wolf Alice,Don’t Delete the Kisses,Wolf Alice
3101731,Visions of a Life,Love,Chorus 1,Wolf Alice,Don’t Delete the Kisses,Wolf Alice
3101731,Visions of a Life,A few days pass since I last saw you,Verse 2,Wolf Alice,Don’t Delete the Kisses,Wolf Alice
3101731,Visions of a Life,And you've taken over my mind,Verse 2,Wolf Alice,Don’t Delete the Kisses,Wolf Alice
3101731,Visions of a Life,I'm retelling jokes you made that made me laugh,Verse 2,Wolf Alice,Don’t Delete the Kisses,Wolf Alice
3101731,Visions of a Life,Pretending that they're mine,Verse 2,Wolf Alice,Don’t Delete the Kisses,Wolf Alice
3101731,Visions of a Life,I wanna tell the whole world about you,Verse 2,Wolf Alice,Don’t Delete the Kisses,Wolf Alice
3101731,Visions of a Life,I think that that's a sign,Verse 2,Wolf Alice,Don’t Delete the Kisses,Wolf Alice
3101731,Visions of a Life,I'm losing self-control and it's you,Verse 2,Wolf Alice,Don’t Delete the Kisses,Wolf Alice
3101731,Visions of a Life,"It really is, one thousand times",Verse 2,Wolf Alice,Don’t Delete the Kisses,Wolf Alice
3101731,Visions of a Life,I look at your picture and I smile,Verse 2,Wolf Alice,Don’t Delete the Kisses,Wolf Alice
3101731,Visions of a Life,How awful's that? I'm like a teenage girl,Verse 2,Wolf Alice,Don’t Delete the Kisses,Wolf Alice
3101731,Visions of a Life,I might as well write all over my notebook,Verse 2,Wolf Alice,Don’t Delete the Kisses,Wolf Alice
3101731,Visions of a Life,"That you ""rock my world""",Verse 2,Wolf Alice,Don’t Delete the Kisses,Wolf Alice
3101731,Visions of a Life,"But you do, you really do",Verse 2,Wolf Alice,Don’t Delete the Kisses,Wolf Alice
3101731,Visions of a Life,You've turned me upside down,Verse 2,Wolf Alice,Don’t Delete the Kisses,Wolf Alice
3101731,Visions of a Life,"And that's okay, I'll let it happen",Verse 2,Wolf Alice,Don’t Delete the Kisses,Wolf Alice
3101731,Visions of a Life,'Cause I like having you around,Verse 2,Wolf Alice,Don’t Delete the Kisses,Wolf Alice
3101731,Visions of a Life,"I'm electric, a romantic cliché",Verse 2,Wolf Alice,Don’t Delete the Kisses,Wolf Alice
3101731,Visions of a Life,"Yeah, they really are all true",Verse 2,Wolf Alice,Don’t Delete the Kisses,Wolf Alice
3101731,Visions of a Life,When we catch eyes at that stupid party,Verse 2,Wolf Alice,Don’t Delete the Kisses,Wolf Alice
3101731,Visions of a Life,I know exactly what to do,Verse 2,Wolf Alice,Don’t Delete the Kisses,Wolf Alice
3101731,Visions of a Life,"I'll take your hand, and we will leave",Verse 2,Wolf Alice,Don’t Delete the Kisses,Wolf Alice
3101731,Visions of a Life,French exits from me and you,Verse 2,Wolf Alice,Don’t Delete the Kisses,Wolf Alice
3101731,Visions of a Life,"And now I'm home, a little bit drunk",Verse 2,Wolf Alice,Don’t Delete the Kisses,Wolf Alice
3101731,Visions of a Life,Some things don't change,Verse 2,Wolf Alice,Don’t Delete the Kisses,Wolf Alice
3101731,Visions of a Life,And I know now,Verse 2,Wolf Alice,Don’t Delete the Kisses,Wolf Alice
3101731,Visions of a Life,Me and you were meant to be,Chorus 2,Wolf Alice,Don’t Delete the Kisses,Wolf Alice
3101731,Visions of a Life,In love,Chorus 2,Wolf Alice,Don’t Delete the Kisses,Wolf Alice
3101731,Visions of a Life,Me and you were meant to be,Chorus 2,Wolf Alice,Don’t Delete the Kisses,Wolf Alice
3101731,Visions of a Life,In love,Chorus 2,Wolf Alice,Don’t Delete the Kisses,Wolf Alice
3101731,Visions of a Life,Me and you,Chorus 2,Wolf Alice,Don’t Delete the Kisses,Wolf Alice
3101731,Visions of a Life,"I see the signs of a lifetime, you 'til I die",Outro,Wolf Alice,Don’t Delete the Kisses,Wolf Alice
3101731,Visions of a Life,"I see the signs of a lifetime, you 'til I die",Intro,Wolf Alice,Don’t Delete the Kisses,Wolf Alice
3101731,Visions of a Life,"And I'm swiftly out, Irish goodbye",Intro,Wolf Alice,Don’t Delete the Kisses,Wolf Alice
3101731,Visions of a Life,What if it's not meant for me?,Chorus 1,Wolf Alice,Don’t Delete the Kisses,Wolf Alice
3101731,Visions of a Life,Love,Chorus 1,Wolf Alice,Don’t Delete the Kisses,Wolf Alice
3101731,Visions of a Life,What if it's not meant for me?,Chorus 1,Wolf Alice,Don’t Delete the Kisses,Wolf Alice
3101731,Visions of a Life,Love,Chorus 1,Wolf Alice,Don’t Delete the Kisses,Wolf Alice
3101731,Visions of a Life,I'd like to get to know you,Verse 1,Wolf Alice,Don’t Delete the Kisses,Wolf Alice
3101731,Visions of a Life,I'd like to take you out,Verse 1,Wolf Alice,Don’t Delete the Kisses,Wolf Alice
3101731,Visions of a Life,We'd go to The Hail Mary,Verse 1,Wolf Alice,Don’t Delete the Kisses,Wolf Alice
3101731,Visions of a Life,And afterwards make out,Verse 1,Wolf Alice,Don’t Delete the Kisses,Wolf Alice
3101731,Visions of a Life,"Instead, I'm typing you a message",Verse 1,Wolf Alice,Don’t Delete the Kisses,Wolf Alice
3101731,Visions of a Life,That I know I'll never send,Verse 1,Wolf Alice,Don’t Delete the Kisses,Wolf Alice
3101731,Visions of a Life,Rewriting old excuses,Verse 1,Wolf Alice,Don’t Delete the Kisses,Wolf Alice
3101731,Visions of a Life,Delete the kisses at the end,Verse 1,Wolf Alice,Don’t Delete the Kisses,Wolf Alice
3101731,Visions of a Life,"When I see you, the whole world reduces",Verse 1,Wolf Alice,Don’t Delete the Kisses,Wolf Alice
3101731,Visions of a Life,To just that room,Verse 1,Wolf Alice,Don’t Delete the Kisses,Wolf Alice
3101731,Visions of a Life,And then I remember and I'm shy,Verse 1,Wolf Alice,Don’t Delete the Kisses,Wolf Alice
3101731,Visions of a Life,That gossip's eye will look too soon,Verse 1,Wolf Alice,Don’t Delete the Kisses,Wolf Alice
3101731,Visions of a Life,"And then I'm trapped, overthinking",Verse 1,Wolf Alice,Don’t Delete the Kisses,Wolf Alice
3101731,Visions of a Life,"And yeah, probably self-doubt",Verse 1,Wolf Alice,Don’t Delete the Kisses,Wolf Alice
3101731,Visions of a Life,You tell me to get over it,Verse 1,Wolf Alice,Don’t Delete the Kisses,Wolf Alice
3101731,Visions of a Life,And to take you out,Verse 1,Wolf Alice,Don’t Delete the Kisses,Wolf Alice
3101731,Visions of a Life,"But I can't, I'm too scared",Verse 1,Wolf Alice,Don’t Delete the Kisses,Wolf Alice
3101731,Visions of a Life,"And here's the night bus, I have to go",Verse 1,Wolf Alice,Don’t Delete the Kisses,Wolf Alice
3101731,Visions of a Life,"And the doors are closing, and you were waving",Verse 1,Wolf Alice,Don’t Delete the Kisses,Wolf Alice
3101731,Visions of a Life,"And I like you, and I'll never let it show",Verse 1,Wolf Alice,Don’t Delete the Kisses,Wolf Alice
3101731,Visions of a Life,"And you won't wait, and maybe I won't mind",Verse 1,Wolf Alice,Don’t Delete the Kisses,Wolf Alice
3101731,Visions of a Life,I work better on my own,Verse 1,Wolf Alice,Don’t Delete the Kisses,Wolf Alice
3101731,Visions of a Life,"And now I'm home, a little bit drunk",Verse 1,Wolf Alice,Don’t Delete the Kisses,Wolf Alice
3101731,Visions of a Life,And I ask myself,Verse 1,Wolf Alice,Don’t Delete the Kisses,Wolf Alice
3101731,Visions of a Life,What if it's not meant for me?,Chorus 1,Wolf Alice,Don’t Delete the Kisses,Wolf Alice
3101731,Visions of a Life,Love,Chorus 1,Wolf Alice,Don’t Delete the Kisses,Wolf Alice
3101731,Visions of a Life,What if it's not meant for me?,Chorus 1,Wolf Alice,Don’t Delete the Kisses,Wolf Alice
3101731,Visions of a Life,Love,Chorus 1,Wolf Alice,Don’t Delete the Kisses,Wolf Alice
3101731,Visions of a Life,A few days pass since I last saw you,Verse 2,Wolf Alice,Don’t Delete the Kisses,Wolf Alice
3101731,Visions of a Life,And you've taken over my mind,Verse 2,Wolf Alice,Don’t Delete the Kisses,Wolf Alice
3101731,Visions of a Life,I'm retelling jokes you made that made me laugh,Verse 2,Wolf Alice,Don’t Delete the Kisses,Wolf Alice
3101731,Visions of a Life,Pretending that they're mine,Verse 2,Wolf Alice,Don’t Delete the Kisses,Wolf Alice
3101731,Visions of a Life,I wanna tell the whole world about you,Verse 2,Wolf Alice,Don’t Delete the Kisses,Wolf Alice
3101731,Visions of a Life,I think that that's a sign,Verse 2,Wolf Alice,Don’t Delete the Kisses,Wolf Alice
3101731,Visions of a Life,I'm losing self-control and it's you,Verse 2,Wolf Alice,Don’t Delete the Kisses,Wolf Alice
3101731,Visions of a Life,"It really is, one thousand times",Verse 2,Wolf Alice,Don’t Delete the Kisses,Wolf Alice
3101731,Visions of a Life,I look at your picture and I smile,Verse 2,Wolf Alice,Don’t Delete the Kisses,Wolf Alice
3101731,Visions of a Life,How awful's that? I'm like a teenage girl,Verse 2,Wolf Alice,Don’t Delete the Kisses,Wolf Alice
3101731,Visions of a Life,I might as well write all over my notebook,Verse 2,Wolf Alice,Don’t Delete the Kisses,Wolf Alice
3101731,Visions of a Life,"That you ""rock my world""",Verse 2,Wolf Alice,Don’t Delete the Kisses,Wolf Alice
3101731,Visions of a Life,"But you do, you really do",Verse 2,Wolf Alice,Don’t Delete the Kisses,Wolf Alice
3101731,Visions of a Life,You've turned me upside down,Verse 2,Wolf Alice,Don’t Delete the Kisses,Wolf Alice
3101731,Visions of a Life,"And that's okay, I'll let it happen",Verse 2,Wolf Alice,Don’t Delete the Kisses,Wolf Alice
3101731,Visions of a Life,'Cause I like having you around,Verse 2,Wolf Alice,Don’t Delete the Kisses,Wolf Alice
3101731,Visions of a Life,"I'm electric, a romantic cliché",Verse 2,Wolf Alice,Don’t Delete the Kisses,Wolf Alice
3101731,Visions of a Life,"Yeah, they really are all true",Verse 2,Wolf Alice,Don’t Delete the Kisses,Wolf Alice
3101731,Visions of a Life,When we catch eyes at that stupid party,Verse 2,Wolf Alice,Don’t Delete the Kisses,Wolf Alice
3101731,Visions of a Life,I know exactly what to do,Verse 2,Wolf Alice,Don’t Delete the Kisses,Wolf Alice
3101731,Visions of a Life,"I'll take your hand, and we will leave",Verse 2,Wolf Alice,Don’t Delete the Kisses,Wolf Alice
3101731,Visions of a Life,French exits from me and you,Verse 2,Wolf Alice,Don’t Delete the Kisses,Wolf Alice
3101731,Visions of a Life,"And now I'm home, a little bit drunk",Verse 2,Wolf Alice,Don’t Delete the Kisses,Wolf Alice
3101731,Visions of a Life,Some things don't change,Verse 2,Wolf Alice,Don’t Delete the Kisses,Wolf Alice
3101731,Visions of a Life,And I know now,Verse 2,Wolf Alice,Don’t Delete the Kisses,Wolf Alice
3101731,Visions of a Life,Me and you were meant to be,Chorus 2,Wolf Alice,Don’t Delete the Kisses,Wolf Alice
3101731,Visions of a Life,In love,Chorus 2,Wolf Alice,Don’t Delete the Kisses,Wolf Alice
3101731,Visions of a Life,Me and you were meant to be,Chorus 2,Wolf Alice,Don’t Delete the Kisses,Wolf Alice
3101731,Visions of a Life,In love,Chorus 2,Wolf Alice,Don’t Delete the Kisses,Wolf Alice
3101731,Visions of a Life,Me and you,Chorus 2,Wolf Alice,Don’t Delete the Kisses,Wolf Alice
3101731,Visions of a Life,"I see the signs of a lifetime, you 'til I die",Outro,Wolf Alice,Don’t Delete the Kisses,Wolf Alice
6525025,Blue Weekend,Could I belong here? The vibes are kinda strong here,Verse 1,Wolf Alice,Delicious Things,Wolf Alice
6525025,Blue Weekend,"The vibes are kinda wrong, I'm scared to know just what goes on here",Verse 1,Wolf Alice,Delicious Things,Wolf Alice
6525025,Blue Weekend,Some guy has taken me into his garden,Verse 1,Wolf Alice,Delicious Things,Wolf Alice
6525025,Blue Weekend,It seems to be some kind of mountain,Verse 1,Wolf Alice,Delicious Things,Wolf Alice
6525025,Blue Weekend,I'm socially anxious and a long way from home,Verse 1,Wolf Alice,Delicious Things,Wolf Alice
6525025,Blue Weekend,"I've only just learnt my margarita from my mojito, so",Verse 1,Wolf Alice,Delicious Things,Wolf Alice
6525025,Blue Weekend,Could I belong here? The vibes are kinda strong here,Verse 1,Wolf Alice,Delicious Things,Wolf Alice
6525025,Blue Weekend,Ask me if I'm from here and I won't say no,Verse 1,Wolf Alice,Delicious Things,Wolf Alice
6525025,Blue Weekend,"I, I won't say no, I'll give it a go",Chorus,Wolf Alice,Delicious Things,Wolf Alice
6525025,Blue Weekend,"Oh, I won't say no, I'll give it a",Chorus,Wolf Alice,Delicious Things,Wolf Alice
6525025,Blue Weekend,"Shot for the spot at the top, a girl like me",Chorus,Wolf Alice,Delicious Things,Wolf Alice
6525025,Blue Weekend,Would you beliеve I'm in Los Angeles?,Chorus,Wolf Alice,Delicious Things,Wolf Alice
6525025,Blue Weekend,"This guy asks mе where my home is, I say ""I don't know it's",Verse 2,Wolf Alice,Delicious Things,Wolf Alice
6525025,Blue Weekend,"Probably where the boy I love and left all on his own is""",Verse 2,Wolf Alice,Delicious Things,Wolf Alice
6525025,Blue Weekend,He rolls his eyes and cuts a selfish line of blow,Verse 2,Wolf Alice,Delicious Things,Wolf Alice
6525025,Blue Weekend,"He was here for one thing, if he can't get it then he'll go, but",Verse 2,Wolf Alice,Delicious Things,Wolf Alice
6525025,Blue Weekend,"I don't care, I'm in the Hollywood Hills",Verse 2,Wolf Alice,Delicious Things,Wolf Alice
6525025,Blue Weekend,"I'm no longer pulling pints, I'm no longer cashing tills and",Verse 2,Wolf Alice,Delicious Things,Wolf Alice
6525025,Blue Weekend,"I'm alive, I feel like Marilyn Monroe",Verse 2,Wolf Alice,Delicious Things,Wolf Alice
6525025,Blue Weekend,"If you're all poppin' pills, you know I won't say no",Verse 2,Wolf Alice,Delicious Things,Wolf Alice
6525025,Blue Weekend,"I, I won't say no, I'll give it a go",Chorus,Wolf Alice,Delicious Things,Wolf Alice
6525025,Blue Weekend,"Oh, I won't say no, I'll give it a",Chorus,Wolf Alice,Delicious Things,Wolf Alice
6525025,Blue Weekend,"Shot for the spot at the top, a girl like me",Chorus,Wolf Alice,Delicious Things,Wolf Alice
6525025,Blue Weekend,Would you believe I'm in Los Angeles?,Chorus,Wolf Alice,Delicious Things,Wolf Alice
6525025,Blue Weekend,Don't lose sight,Bridge,Wolf Alice,Delicious Things,Wolf Alice
6525025,Blue Weekend,Don't lose sight,Bridge,Wolf Alice,Delicious Things,Wolf Alice
6525025,Blue Weekend,"The guy from the garden, I think his name is Adam",Verse 3,Wolf Alice,Delicious Things,Wolf Alice
6525025,Blue Weekend,"He's in bed here beside me, though I think he is a bad man",Verse 3,Wolf Alice,Delicious Things,Wolf Alice
6525025,Blue Weekend,He like the fact that I play music in a band,Verse 3,Wolf Alice,Delicious Things,Wolf Alice
6525025,Blue Weekend,He is making a movie and the score needs a hand,Verse 3,Wolf Alice,Delicious Things,Wolf Alice
6525025,Blue Weekend,"Feel like I'm falling, dreams slowly stalling",Verse 3,Wolf Alice,Delicious Things,Wolf Alice
6525025,Blue Weekend,Extravagance disguised as elegance is boring,Verse 3,Wolf Alice,Delicious Things,Wolf Alice
6525025,Blue Weekend,"I don't belong here, though it really is quite fun here",Verse 3,Wolf Alice,Delicious Things,Wolf Alice
6525025,Blue Weekend,"""Hey, is mum there? It's just me, I felt like calling""",Verse 3,Wolf Alice,Delicious Things,Wolf Alice
6525025,Blue Weekend,"I, I won't say no, I'll give it a go",Chorus,Wolf Alice,Delicious Things,Wolf Alice
6525025,Blue Weekend,"Oh, I won't say no, I'll give it a",Chorus,Wolf Alice,Delicious Things,Wolf Alice
6525025,Blue Weekend,"Shot for the spot at the top, a girl like me",Chorus,Wolf Alice,Delicious Things,Wolf Alice
6525025,Blue Weekend,Would you believe I'm in Los Angeles?,Chorus,Wolf Alice,Delicious Things,Wolf Alice
6525025,Blue Weekend,Don't lose sight,Outro,Wolf Alice,Delicious Things,Wolf Alice
6525025,Blue Weekend,Don't lose sight,Outro,Wolf Alice,Delicious Things,Wolf Alice
6525025,Blue Weekend,Don't lose sight,Outro,Wolf Alice,Delicious Things,Wolf Alice
6525025,Blue Weekend,"Don't lose sight, mm",Outro,Wolf Alice,Delicious Things,Wolf Alice
2303077,My Love Is Cool,"Baby's not made of China, baby's just sad",Verse 1,Wolf Alice,Baby Ain’t Made of China,Wolf Alice
2303077,My Love Is Cool,"Tears should fall if they have to, maybe they had",Verse 1,Wolf Alice,Baby Ain’t Made of China,Wolf Alice
2303077,My Love Is Cool,"God knows, she's ever grateful",Verse 1,Wolf Alice,Baby Ain’t Made of China,Wolf Alice
2303077,My Love Is Cool,Maybe she's going mad,Verse 1,Wolf Alice,Baby Ain’t Made of China,Wolf Alice
2303077,My Love Is Cool,Baby hears an echo in the back of her brain,Verse 1,Wolf Alice,Baby Ain’t Made of China,Wolf Alice
2303077,My Love Is Cool,Baby hears an echo in the back of her brain,Verse 1,Wolf Alice,Baby Ain’t Made of China,Wolf Alice
2303077,My Love Is Cool,Pills in the pound and teeth in the cheek,Verse 1,Wolf Alice,Baby Ain’t Made of China,Wolf Alice
2303077,My Love Is Cool,Maybe she's insane,Verse 1,Wolf Alice,Baby Ain’t Made of China,Wolf Alice
2303077,My Love Is Cool,"Run away, where do you go? Where do you go?",Chorus,Wolf Alice,Baby Ain’t Made of China,Wolf Alice
2303077,My Love Is Cool,"Run away, where do you go? Where do you go?",Chorus,Wolf Alice,Baby Ain’t Made of China,Wolf Alice
2303077,My Love Is Cool,"Oh love me, make me better",Chorus,Wolf Alice,Baby Ain’t Made of China,Wolf Alice
2303077,My Love Is Cool,Wash those tears away,Chorus,Wolf Alice,Baby Ain’t Made of China,Wolf Alice
2303077,My Love Is Cool,Down and about in the North playing video games,Verse 2,Wolf Alice,Baby Ain’t Made of China,Wolf Alice
2303077,My Love Is Cool,See the light on the people’s faces flicker and fade,Verse 2,Wolf Alice,Baby Ain’t Made of China,Wolf Alice
2303077,My Love Is Cool,There's a snake loose in the garden,Verse 2,Wolf Alice,Baby Ain’t Made of China,Wolf Alice
2303077,My Love Is Cool,But no one gives a damn,Verse 2,Wolf Alice,Baby Ain’t Made of China,Wolf Alice
2303077,My Love Is Cool,You can save for your waste of time if you like,Verse 2,Wolf Alice,Baby Ain’t Made of China,Wolf Alice
2303077,My Love Is Cool,"You can save for your lover's past, are you blind?",Verse 2,Wolf Alice,Baby Ain’t Made of China,Wolf Alice
2303077,My Love Is Cool,Deep from the chest,Verse 2,Wolf Alice,Baby Ain’t Made of China,Wolf Alice
2303077,My Love Is Cool,Baby finds the best (she said),Verse 2,Wolf Alice,Baby Ain’t Made of China,Wolf Alice
2303077,My Love Is Cool,"Oh love me, make me better",Chorus,Wolf Alice,Baby Ain’t Made of China,Wolf Alice
2303077,My Love Is Cool,Wash those tears away,Chorus,Wolf Alice,Baby Ain’t Made of China,Wolf Alice
2303077,My Love Is Cool,"Oh love me, make me better",Chorus,Wolf Alice,Baby Ain’t Made of China,Wolf Alice
2303077,My Love Is Cool,Wash those tears away,Chorus,Wolf Alice,Baby Ain’t Made of China,Wolf Alice
2303077,My Love Is Cool,"Run away, where do you go? Where do you go?",Chorus,Wolf Alice,Baby Ain’t Made of China,Wolf Alice
2303077,My Love Is Cool,"Run away, where do you go? Where do you go?",Chorus,Wolf Alice,Baby Ain’t Made of China,Wolf Alice
2303077,My Love Is Cool,"Oh love me, make me better",Outro,Wolf Alice,Baby Ain’t Made of China,Wolf Alice
2303077,My Love Is Cool,And give me a reason to die for,Outro,Wolf Alice,Baby Ain’t Made of China,Wolf Alice
2303077,My Love Is Cool,"Oh love me, make me better",Outro,Wolf Alice,Baby Ain’t Made of China,Wolf Alice
2303077,My Love Is Cool,And give me a reason to care,Outro,Wolf Alice,Baby Ain’t Made of China,Wolf Alice
2303077,My Love Is Cool,"Oh love me, make me better",Outro,Wolf Alice,Baby Ain’t Made of China,Wolf Alice
2303077,My Love Is Cool,And wash those tears away,Outro,Wolf Alice,Baby Ain’t Made of China,Wolf Alice
2303077,My Love Is Cool,"Baby's not made of China, baby's just sad",Verse 1,Wolf Alice,Baby Ain’t Made of China,Wolf Alice
2303077,My Love Is Cool,"Tears should fall if they have to, maybe they had",Verse 1,Wolf Alice,Baby Ain’t Made of China,Wolf Alice
2303077,My Love Is Cool,"God knows, she's ever grateful",Verse 1,Wolf Alice,Baby Ain’t Made of China,Wolf Alice
2303077,My Love Is Cool,Maybe she's going mad,Verse 1,Wolf Alice,Baby Ain’t Made of China,Wolf Alice
2303077,My Love Is Cool,Baby hears an echo in the back of her brain,Verse 1,Wolf Alice,Baby Ain’t Made of China,Wolf Alice
2303077,My Love Is Cool,Baby hears an echo in the back of her brain,Verse 1,Wolf Alice,Baby Ain’t Made of China,Wolf Alice
2303077,My Love Is Cool,Pills in the pound and teeth in the cheek,Verse 1,Wolf Alice,Baby Ain’t Made of China,Wolf Alice
2303077,My Love Is Cool,Maybe she's insane,Verse 1,Wolf Alice,Baby Ain’t Made of China,Wolf Alice
2303077,My Love Is Cool,"Run away, where do you go? Where do you go?",Chorus,Wolf Alice,Baby Ain’t Made of China,Wolf Alice
2303077,My Love Is Cool,"Run away, where do you go? Where do you go?",Chorus,Wolf Alice,Baby Ain’t Made of China,Wolf Alice
2303077,My Love Is Cool,"Oh love me, make me better",Chorus,Wolf Alice,Baby Ain’t Made of China,Wolf Alice
2303077,My Love Is Cool,Wash those tears away,Chorus,Wolf Alice,Baby Ain’t Made of China,Wolf Alice
2303077,My Love Is Cool,Down and about in the North playing video games,Verse 2,Wolf Alice,Baby Ain’t Made of China,Wolf Alice
2303077,My Love Is Cool,See the light on the people’s faces flicker and fade,Verse 2,Wolf Alice,Baby Ain’t Made of China,Wolf Alice
2303077,My Love Is Cool,There's a snake loose in the garden,Verse 2,Wolf Alice,Baby Ain’t Made of China,Wolf Alice
2303077,My Love Is Cool,But no one gives a damn,Verse 2,Wolf Alice,Baby Ain’t Made of China,Wolf Alice
2303077,My Love Is Cool,You can save for your waste of time if you like,Verse 2,Wolf Alice,Baby Ain’t Made of China,Wolf Alice
2303077,My Love Is Cool,"You can save for your lover's past, are you blind?",Verse 2,Wolf Alice,Baby Ain’t Made of China,Wolf Alice
2303077,My Love Is Cool,Deep from the chest,Verse 2,Wolf Alice,Baby Ain’t Made of China,Wolf Alice
2303077,My Love Is Cool,Baby finds the best (she said),Verse 2,Wolf Alice,Baby Ain’t Made of China,Wolf Alice
2303077,My Love Is Cool,"Oh love me, make me better",Chorus,Wolf Alice,Baby Ain’t Made of China,Wolf Alice
2303077,My Love Is Cool,Wash those tears away,Chorus,Wolf Alice,Baby Ain’t Made of China,Wolf Alice
2303077,My Love Is Cool,"Oh love me, make me better",Chorus,Wolf Alice,Baby Ain’t Made of China,Wolf Alice
2303077,My Love Is Cool,Wash those tears away,Chorus,Wolf Alice,Baby Ain’t Made of China,Wolf Alice
2303077,My Love Is Cool,"Run away, where do you go? Where do you go?",Chorus,Wolf Alice,Baby Ain’t Made of China,Wolf Alice
2303077,My Love Is Cool,"Run away, where do you go? Where do you go?",Chorus,Wolf Alice,Baby Ain’t Made of China,Wolf Alice
2303077,My Love Is Cool,"Oh love me, make me better",Outro,Wolf Alice,Baby Ain’t Made of China,Wolf Alice
2303077,My Love Is Cool,And give me a reason to die for,Outro,Wolf Alice,Baby Ain’t Made of China,Wolf Alice
2303077,My Love Is Cool,"Oh love me, make me better",Outro,Wolf Alice,Baby Ain’t Made of China,Wolf Alice
2303077,My Love Is Cool,And give me a reason to care,Outro,Wolf Alice,Baby Ain’t Made of China,Wolf Alice
2303077,My Love Is Cool,"Oh love me, make me better",Outro,Wolf Alice,Baby Ain’t Made of China,Wolf Alice
2303077,My Love Is Cool,And wash those tears away,Outro,Wolf Alice,Baby Ain’t Made of China,Wolf Alice
3101703,Visions of a Life,"Suddenly, she lost control of her world",Verse 1,Wolf Alice,After the Zero Hour,Wolf Alice
3101703,Visions of a Life,A fire blazed and a chaos unfurled,Verse 1,Wolf Alice,After the Zero Hour,Wolf Alice
3101703,Visions of a Life,A transcendent invitation,Verse 1,Wolf Alice,After the Zero Hour,Wolf Alice
3101703,Visions of a Life,To the zero hour,Verse 1,Wolf Alice,After the Zero Hour,Wolf Alice
3101703,Visions of a Life,She gave in to the temptation,Verse 1,Wolf Alice,After the Zero Hour,Wolf Alice
3101703,Visions of a Life,High on curiosity,Verse 1,Wolf Alice,After the Zero Hour,Wolf Alice
3101703,Visions of a Life,High on power,Verse 1,Wolf Alice,After the Zero Hour,Wolf Alice
3101703,Visions of a Life,But this girl refused to die,Chorus 1,Wolf Alice,After the Zero Hour,Wolf Alice
3101703,Visions of a Life,So she drank the milk of life,Chorus 1,Wolf Alice,After the Zero Hour,Wolf Alice
3101703,Visions of a Life,Was it the moon and the changing tide?,Chorus 1,Wolf Alice,After the Zero Hour,Wolf Alice
3101703,Visions of a Life,"Yeah, this girl refused to die",Chorus 1,Wolf Alice,After the Zero Hour,Wolf Alice
3101703,Visions of a Life,So she drank the milk of life,Chorus 1,Wolf Alice,After the Zero Hour,Wolf Alice
3101703,Visions of a Life,Felt like the start of the ninth life,Chorus 1,Wolf Alice,After the Zero Hour,Wolf Alice
3101703,Visions of a Life,To feel pleasure again,Verse 2,Wolf Alice,After the Zero Hour,Wolf Alice
3101703,Visions of a Life,To feel love,Verse 2,Wolf Alice,After the Zero Hour,Wolf Alice
3101703,Visions of a Life,"Adventurous and sensuous, as high as the planes above",Verse 2,Wolf Alice,After the Zero Hour,Wolf Alice
3101703,Visions of a Life,Don't wait with bated breath,Verse 2,Wolf Alice,After the Zero Hour,Wolf Alice
3101703,Visions of a Life,For this to all turn sour,Verse 2,Wolf Alice,After the Zero Hour,Wolf Alice
3101703,Visions of a Life,She's learnt how to say yes,Verse 2,Wolf Alice,After the Zero Hour,Wolf Alice
3101703,Visions of a Life,High on curiosity,Verse 2,Wolf Alice,After the Zero Hour,Wolf Alice
3101703,Visions of a Life,High on power,Verse 2,Wolf Alice,After the Zero Hour,Wolf Alice
3101703,Visions of a Life,So this girl refused to cry,Chorus 2,Wolf Alice,After the Zero Hour,Wolf Alice
3101703,Visions of a Life,But embrace her lust for life,Chorus 2,Wolf Alice,After the Zero Hour,Wolf Alice
3101703,Visions of a Life,Was it the moon and the changing tide?,Chorus 2,Wolf Alice,After the Zero Hour,Wolf Alice
3101703,Visions of a Life,"Yeah, this girl refused to cry",Chorus 2,Wolf Alice,After the Zero Hour,Wolf Alice
3101703,Visions of a Life,But embrace her lust for life,Chorus 2,Wolf Alice,After the Zero Hour,Wolf Alice
3101703,Visions of a Life,Eyes straight ahead and open wide,Chorus 2,Wolf Alice,After the Zero Hour,Wolf Alice
2149642,My Love Is Cool,Don't you want take time and get to know me?,Verse 1,Wolf Alice,Your Loves Whore,Wolf Alice
2149642,My Love Is Cool,We could build a perfect world,Verse 1,Wolf Alice,Your Loves Whore,Wolf Alice
2149642,My Love Is Cool,I got tricks I really want to show you,Verse 1,Wolf Alice,Your Loves Whore,Wolf Alice
2149642,My Love Is Cool,I could be your perfect girl,Verse 1,Wolf Alice,Your Loves Whore,Wolf Alice
2149642,My Love Is Cool,And when we grow older,Chorus,Wolf Alice,Your Loves Whore,Wolf Alice
2149642,My Love Is Cool,We'll still be friends,Chorus,Wolf Alice,Your Loves Whore,Wolf Alice
2149642,My Love Is Cool,We'll still be lovers,Chorus,Wolf Alice,Your Loves Whore,Wolf Alice
2149642,My Love Is Cool,And won't fear the end,Chorus,Wolf Alice,Your Loves Whore,Wolf Alice
2149642,My Love Is Cool,"The light won't flicker and the light won't fade, believe me",Verse 2,Wolf Alice,Your Loves Whore,Wolf Alice
2149642,My Love Is Cool,And the world looks better in the place we made believe,Verse 2,Wolf Alice,Your Loves Whore,Wolf Alice
2149642,My Love Is Cool,Hearts keep pumping and there's one thing that keeps me breathing,Verse 2,Wolf Alice,Your Loves Whore,Wolf Alice
2149642,My Love Is Cool,It's the mantra I sing and the face I always see,Verse 2,Wolf Alice,Your Loves Whore,Wolf Alice
2149642,My Love Is Cool,And when we grow older,Chorus,Wolf Alice,Your Loves Whore,Wolf Alice
2149642,My Love Is Cool,We'll still be friends,Chorus,Wolf Alice,Your Loves Whore,Wolf Alice
2149642,My Love Is Cool,We'll still be lovers,Chorus,Wolf Alice,Your Loves Whore,Wolf Alice
2149642,My Love Is Cool,And won't fear the end,Chorus,Wolf Alice,Your Loves Whore,Wolf Alice
2149642,My Love Is Cool,And when we grow older (Oooh),Chorus,Wolf Alice,Your Loves Whore,Wolf Alice
2149642,My Love Is Cool,We'll still be friends (Oooh),Chorus,Wolf Alice,Your Loves Whore,Wolf Alice
2149642,My Love Is Cool,We'll still be lovers (Oooh),Chorus,Wolf Alice,Your Loves Whore,Wolf Alice
2149642,My Love Is Cool,And won't fear the end (Oooh),Chorus,Wolf Alice,Your Loves Whore,Wolf Alice
2149642,My Love Is Cool,I let your love tease me,Bridge,Wolf Alice,Your Loves Whore,Wolf Alice
2149642,My Love Is Cool,Now I am your love's whore,Bridge,Wolf Alice,Your Loves Whore,Wolf Alice
2149642,My Love Is Cool,Keeps me hardly breathing,Bridge,Wolf Alice,Your Loves Whore,Wolf Alice
2149642,My Love Is Cool,But I could only love you more,Bridge,Wolf Alice,Your Loves Whore,Wolf Alice
2149642,My Love Is Cool,I could only love you more,Bridge,Wolf Alice,Your Loves Whore,Wolf Alice
2149642,My Love Is Cool,I could only love you more,Bridge,Wolf Alice,Your Loves Whore,Wolf Alice
2149642,My Love Is Cool,I could only love you more,Bridge,Wolf Alice,Your Loves Whore,Wolf Alice
2149642,My Love Is Cool,I could only love you more,Bridge,Wolf Alice,Your Loves Whore,Wolf Alice
2137287,My Love Is Cool,Georgie rides a bike,Verse 1,Wolf Alice,You’re a Germ,Wolf Alice
2137287,My Love Is Cool,To pick her up from school,Verse 1,Wolf Alice,You’re a Germ,Wolf Alice
2137287,My Love Is Cool,He likes her 'cause she's pure,Verse 1,Wolf Alice,You’re a Germ,Wolf Alice
2137287,My Love Is Cool,She likes him 'cause she's heard he's cool,Verse 1,Wolf Alice,You’re a Germ,Wolf Alice
2137287,My Love Is Cool,You're a germ,Pre-Chorus,Wolf Alice,You’re a Germ,Wolf Alice
2137287,My Love Is Cool,Twist my insides,Pre-Chorus,Wolf Alice,You’re a Germ,Wolf Alice
2137287,My Love Is Cool,You're a germ,Pre-Chorus,Wolf Alice,You’re a Germ,Wolf Alice
2137287,My Love Is Cool,We're here to fight,Pre-Chorus,Wolf Alice,You’re a Germ,Wolf Alice
2137287,My Love Is Cool,This is not exploring,Verse 2,Wolf Alice,You’re a Germ,Wolf Alice
2137287,My Love Is Cool,When you are dead inside,Verse 2,Wolf Alice,You’re a Germ,Wolf Alice
2137287,My Love Is Cool,What were you before him?,Verse 2,Wolf Alice,You’re a Germ,Wolf Alice
2137287,My Love Is Cool,"(Eyes wild, eyes wide)",Verse 2,Wolf Alice,You’re a Germ,Wolf Alice
2137287,My Love Is Cool,Makes me squirm,Pre-Chorus,Wolf Alice,You’re a Germ,Wolf Alice
2137287,My Love Is Cool,Twist my insides,Pre-Chorus,Wolf Alice,You’re a Germ,Wolf Alice
2137287,My Love Is Cool,Makes me squirm,Pre-Chorus,Wolf Alice,You’re a Germ,Wolf Alice
2137287,My Love Is Cool,We're here to fight,Pre-Chorus,Wolf Alice,You’re a Germ,Wolf Alice
2137287,My Love Is Cool,"One, two, three, four, five, six, seven",Chorus,Wolf Alice,You’re a Germ,Wolf Alice
2137287,My Love Is Cool,You ain't going to heaven,Chorus,Wolf Alice,You’re a Germ,Wolf Alice
2137287,My Love Is Cool,"(Eyes wild, eyes wide)",Chorus,Wolf Alice,You’re a Germ,Wolf Alice
2137287,My Love Is Cool,'Cause I'm draggin' you down to hell,Chorus,Wolf Alice,You’re a Germ,Wolf Alice
2137287,My Love Is Cool,"(Eyes wild, eyes wide)",Chorus,Wolf Alice,You’re a Germ,Wolf Alice
2137287,My Love Is Cool,Where's mum and dad so you can tell them?,Chorus,Wolf Alice,You’re a Germ,Wolf Alice
2137287,My Love Is Cool,"(Eyes wild, eyes wide)",Chorus,Wolf Alice,You’re a Germ,Wolf Alice
2137287,My Love Is Cool,You're a dodgy fucker as well,Chorus,Wolf Alice,You’re a Germ,Wolf Alice
2137287,My Love Is Cool,"(Eyes wild, eyes wide, oh)",Chorus,Wolf Alice,You’re a Germ,Wolf Alice
2137287,My Love Is Cool,Georgie takes to the mic,Verse 3,Wolf Alice,You’re a Germ,Wolf Alice
2137287,My Love Is Cool,Plays the same songs every year,Verse 3,Wolf Alice,You’re a Germ,Wolf Alice
2137287,My Love Is Cool,His leather looks pretty cheap,Verse 3,Wolf Alice,You’re a Germ,Wolf Alice
2137287,My Love Is Cool,And the clock gives him the fear,Verse 3,Wolf Alice,You’re a Germ,Wolf Alice
2137287,My Love Is Cool,You're a creep (You're a creep),Pre-Chorus,Wolf Alice,You’re a Germ,Wolf Alice
2137287,My Love Is Cool,Twist my insides,Pre-Chorus,Wolf Alice,You’re a Germ,Wolf Alice
2137287,My Love Is Cool,You're a creep,Pre-Chorus,Wolf Alice,You’re a Germ,Wolf Alice
2137287,My Love Is Cool,We're here to fight,Pre-Chorus,Wolf Alice,You’re a Germ,Wolf Alice
2137287,My Love Is Cool,"One, two, three, four, five, six, seven",Chorus,Wolf Alice,You’re a Germ,Wolf Alice
2137287,My Love Is Cool,You ain't going to heaven,Chorus,Wolf Alice,You’re a Germ,Wolf Alice
2137287,My Love Is Cool,"(Eyes wild, eyes wide)",Chorus,Wolf Alice,You’re a Germ,Wolf Alice
2137287,My Love Is Cool,'Cause I'm draggin' you down to hell,Chorus,Wolf Alice,You’re a Germ,Wolf Alice
2137287,My Love Is Cool,"(Eyes wild, eyes wide)",Chorus,Wolf Alice,You’re a Germ,Wolf Alice
2137287,My Love Is Cool,Where's mum and dad so you can tell them?,Chorus,Wolf Alice,You’re a Germ,Wolf Alice
2137287,My Love Is Cool,"(Eyes wild, eyes wide)",Chorus,Wolf Alice,You’re a Germ,Wolf Alice
2137287,My Love Is Cool,You're a dodgy fucker as well,Chorus,Wolf Alice,You’re a Germ,Wolf Alice
2137287,My Love Is Cool,"(Eyes wild, eyes wide)",Chorus,Wolf Alice,You’re a Germ,Wolf Alice
2137287,My Love Is Cool,"You ain't going to heaven, no!",Breakdown,Wolf Alice,You’re a Germ,Wolf Alice
2137287,My Love Is Cool,"(Eyes wild, eyes wide)",Breakdown,Wolf Alice,You’re a Germ,Wolf Alice
2137287,My Love Is Cool,'Cause I'm draggin' you down to hell,Breakdown,Wolf Alice,You’re a Germ,Wolf Alice
2137287,My Love Is Cool,"(Eyes wild, eyes wide)",Breakdown,Wolf Alice,You’re a Germ,Wolf Alice
2137287,My Love Is Cool,Where's mum and dad so you can tell them?,Breakdown,Wolf Alice,You’re a Germ,Wolf Alice
2137287,My Love Is Cool,"(Eyes wild, eyes wide)",Breakdown,Wolf Alice,You’re a Germ,Wolf Alice
2137287,My Love Is Cool,Tell them you're a dodgy fucker as well!,Breakdown,Wolf Alice,You’re a Germ,Wolf Alice
2137287,My Love Is Cool,"(Eyes wild, eyes wide)",Breakdown,Wolf Alice,You’re a Germ,Wolf Alice
2137287,My Love Is Cool,"Yes you are, hahahahahahahaha!",Outro,Wolf Alice,You’re a Germ,Wolf Alice
2283029,My Love Is Cool,I bought a drink for you,Verse 1,Wolf Alice,White Leather,Wolf Alice
2283029,My Love Is Cool,But you were smoking with your friends outside,Verse 1,Wolf Alice,White Leather,Wolf Alice
2283029,My Love Is Cool,And I see big things for you,Verse 1,Wolf Alice,White Leather,Wolf Alice
2283029,My Love Is Cool,I made plans for you and I,Verse 1,Wolf Alice,White Leather,Wolf Alice
2283029,My Love Is Cool,I scream screams for us,Verse 1,Wolf Alice,White Leather,Wolf Alice
2283029,My Love Is Cool,Cause I have dreams of bigger stuff,Verse 1,Wolf Alice,White Leather,Wolf Alice
2283029,My Love Is Cool,And in them sometimes it happens,Verse 1,Wolf Alice,White Leather,Wolf Alice
2283029,My Love Is Cool,Tell me when I'm gonna get what I want,Verse 1,Wolf Alice,White Leather,Wolf Alice
2283029,My Love Is Cool,Get what I want,Chorus,Wolf Alice,White Leather,Wolf Alice
2283029,My Love Is Cool,And forget who I was,Chorus,Wolf Alice,White Leather,Wolf Alice
2283029,My Love Is Cool,And I'm away,Chorus,Wolf Alice,White Leather,Wolf Alice
2283029,My Love Is Cool,I saw you pass me by,Verse 2,Wolf Alice,White Leather,Wolf Alice
2283029,My Love Is Cool,No hello not even a smile,Verse 2,Wolf Alice,White Leather,Wolf Alice
2283029,My Love Is Cool,"And I say a silent goodbye, goodbye",Verse 2,Wolf Alice,White Leather,Wolf Alice
2283029,My Love Is Cool,I bought a drink for you,Verse 2,Wolf Alice,White Leather,Wolf Alice
2283029,My Love Is Cool,But you were a smoking with your friends outside,Verse 2,Wolf Alice,White Leather,Wolf Alice
2283029,My Love Is Cool,And I see big things for you,Verse 2,Wolf Alice,White Leather,Wolf Alice
2283029,My Love Is Cool,I'm on my own at least for a while,Verse 2,Wolf Alice,White Leather,Wolf Alice
2283029,My Love Is Cool,And I'm away,Chorus,Wolf Alice,White Leather,Wolf Alice
3101700,Visions of a Life,You might be changing,Intro,Wolf Alice,St. Purple & Green,Wolf Alice
3101700,Visions of a Life,But you're still there,Intro,Wolf Alice,St. Purple & Green,Wolf Alice
3101700,Visions of a Life,And you're still my Nana,Intro,Wolf Alice,St. Purple & Green,Wolf Alice
3101700,Visions of a Life,I hope you get to the place you've seen,Verse 1,Wolf Alice,St. Purple & Green,Wolf Alice
3101700,Visions of a Life,I heard you talk about it,Verse 1,Wolf Alice,St. Purple & Green,Wolf Alice
3101700,Visions of a Life,You called it purple and green,Verse 1,Wolf Alice,St. Purple & Green,Wolf Alice
3101700,Visions of a Life,There you'd get given your crown,Verse 1,Wolf Alice,St. Purple & Green,Wolf Alice
3101700,Visions of a Life,As the smartest woman that there ever was around,Verse 1,Wolf Alice,St. Purple & Green,Wolf Alice
3101700,Visions of a Life,You might be changing,Chorus,Wolf Alice,St. Purple & Green,Wolf Alice
3101700,Visions of a Life,But you're still there,Chorus,Wolf Alice,St. Purple & Green,Wolf Alice
3101700,Visions of a Life,And you're still my Nana,Chorus,Wolf Alice,St. Purple & Green,Wolf Alice
3101700,Visions of a Life,Sing me a Russian lullaby,Verse 2,Wolf Alice,St. Purple & Green,Wolf Alice
3101700,Visions of a Life,To take me away from here,Verse 2,Wolf Alice,St. Purple & Green,Wolf Alice
3101700,Visions of a Life,To somewhere green as your eyes,Verse 2,Wolf Alice,St. Purple & Green,Wolf Alice
3101700,Visions of a Life,You can with your magic spells,Verse 2,Wolf Alice,St. Purple & Green,Wolf Alice
3101700,Visions of a Life,With the click of the fingers and to the chime of the Bow bells,Verse 2,Wolf Alice,St. Purple & Green,Wolf Alice
3101700,Visions of a Life,You might be changing,Chorus,Wolf Alice,St. Purple & Green,Wolf Alice
3101700,Visions of a Life,But you're still there,Chorus,Wolf Alice,St. Purple & Green,Wolf Alice
3101700,Visions of a Life,And you're still my Nana,Chorus,Wolf Alice,St. Purple & Green,Wolf Alice
3101700,Visions of a Life,One step after the other,Outro,Wolf Alice,St. Purple & Green,Wolf Alice
3101700,Visions of a Life,One step after the other,Outro,Wolf Alice,St. Purple & Green,Wolf Alice
3101700,Visions of a Life,One step after the other,Outro,Wolf Alice,St. Purple & Green,Wolf Alice
3101700,Visions of a Life,One step after the other,Outro,Wolf Alice,St. Purple & Green,Wolf Alice
3101700,Visions of a Life,"(Inside, I see purple and green)",Outro,Wolf Alice,St. Purple & Green,Wolf Alice
3101700,Visions of a Life,One step after the other,Outro,Wolf Alice,St. Purple & Green,Wolf Alice
3101700,Visions of a Life,"(Inside, I see purple and green)",Outro,Wolf Alice,St. Purple & Green,Wolf Alice
3101700,Visions of a Life,One step after the other,Outro,Wolf Alice,St. Purple & Green,Wolf Alice
3101700,Visions of a Life,"(Inside, I see purple and green)",Outro,Wolf Alice,St. Purple & Green,Wolf Alice
3101700,Visions of a Life,One step after the other,Outro,Wolf Alice,St. Purple & Green,Wolf Alice
3101700,Visions of a Life,"(Inside, I see purple and green)",Outro,Wolf Alice,St. Purple & Green,Wolf Alice
2149657,My Love Is Cool,I wash my face with soapy water,Verse 1,Wolf Alice,Soapy Water,Wolf Alice
2149657,My Love Is Cool,Disguise the tears 'cause you're somebody's daughter,Verse 1,Wolf Alice,Soapy Water,Wolf Alice
2149657,My Love Is Cool,And they don't ever wanna see you cry,Verse 1,Wolf Alice,Soapy Water,Wolf Alice
2149657,My Love Is Cool,Anxiety's grip is always waiting to take me,Verse 1,Wolf Alice,Soapy Water,Wolf Alice
2149657,My Love Is Cool,"It sits in my stomach, I fear it's starting to shape me",Verse 1,Wolf Alice,Soapy Water,Wolf Alice
2149657,My Love Is Cool,It's hard to live when you're scared to die,Verse 1,Wolf Alice,Soapy Water,Wolf Alice
2149657,My Love Is Cool,If I'm gonna sit and wait then I might as well,Chorus,Wolf Alice,Soapy Water,Wolf Alice
2149657,My Love Is Cool,Ask for the hand of the Devil himself,Chorus,Wolf Alice,Soapy Water,Wolf Alice
2149657,My Love Is Cool,I thought I heard her laugh but it was hard to tell,Chorus,Wolf Alice,Soapy Water,Wolf Alice
2149657,My Love Is Cool,So look into my eyes and see how close I am to crack,Chorus,Wolf Alice,Soapy Water,Wolf Alice
2149657,My Love Is Cool,But they just say hello and never look back,Chorus,Wolf Alice,Soapy Water,Wolf Alice
2149657,My Love Is Cool,I thought I heard them talk but it was hard to catch,Chorus,Wolf Alice,Soapy Water,Wolf Alice
2149657,My Love Is Cool,Superstition has me out of control,Verse 2,Wolf Alice,Soapy Water,Wolf Alice
2149657,My Love Is Cool,Touch my head and bless my soul,Verse 2,Wolf Alice,Soapy Water,Wolf Alice
2149657,My Love Is Cool,"I pray it ain't a feeling, but my soul is just old",Verse 2,Wolf Alice,Soapy Water,Wolf Alice
2149657,My Love Is Cool,Cause nothing heals misery's fist,Verse 2,Wolf Alice,Soapy Water,Wolf Alice
2149657,My Love Is Cool,"No witch's pill, no lover's kiss",Verse 2,Wolf Alice,Soapy Water,Wolf Alice
2149657,My Love Is Cool,If life is easy then what is this?,Verse 2,Wolf Alice,Soapy Water,Wolf Alice
2149657,My Love Is Cool,If I'm gonna sit and wait then I might as well,Chorus,Wolf Alice,Soapy Water,Wolf Alice
2149657,My Love Is Cool,Ask for the hand of the Devil himself,Chorus,Wolf Alice,Soapy Water,Wolf Alice
2149657,My Love Is Cool,I thought I heard her laugh but it was hard to tell,Chorus,Wolf Alice,Soapy Water,Wolf Alice
2149657,My Love Is Cool,So look into my eyes and see how close I am to crack,Chorus,Wolf Alice,Soapy Water,Wolf Alice
2149657,My Love Is Cool,But they just say hello and never look back,Chorus,Wolf Alice,Soapy Water,Wolf Alice
2149657,My Love Is Cool,I thought I heard them talk but it was hard to catch,Chorus,Wolf Alice,Soapy Water,Wolf Alice
2149657,My Love Is Cool,"Light a smoke, put it out",Bridge,Wolf Alice,Soapy Water,Wolf Alice
2149657,My Love Is Cool,"Search for rooms, out of town",Bridge,Wolf Alice,Soapy Water,Wolf Alice
2149657,My Love Is Cool,"Start again, cut your hair",Bridge,Wolf Alice,Soapy Water,Wolf Alice
2149657,My Love Is Cool,"You've wondered love, but it's hard to care",Bridge,Wolf Alice,Soapy Water,Wolf Alice
2149657,My Love Is Cool,"(I'll care, I'll try to care)",Bridge,Wolf Alice,Soapy Water,Wolf Alice
2149657,My Love Is Cool,"Choose a religion, choose a goddamn sport",Bridge,Wolf Alice,Soapy Water,Wolf Alice
2149657,My Love Is Cool,Go find something to eradicate these thoughts,Bridge,Wolf Alice,Soapy Water,Wolf Alice
2149657,My Love Is Cool,"You might not waste time, and keep good health",Bridge,Wolf Alice,Soapy Water,Wolf Alice
2149657,My Love Is Cool,"But that's not it, there's something else",Bridge,Wolf Alice,Soapy Water,Wolf Alice
2149657,My Love Is Cool,If I'm gonna sit and wait then I might as well,Chorus,Wolf Alice,Soapy Water,Wolf Alice
2149657,My Love Is Cool,Ask for the hand of the Devil himself,Chorus,Wolf Alice,Soapy Water,Wolf Alice
2149657,My Love Is Cool,I thought I heard her laugh but it was hard to tell,Chorus,Wolf Alice,Soapy Water,Wolf Alice
2149657,My Love Is Cool,So look into my eyes and see how close I am to crack,Chorus,Wolf Alice,Soapy Water,Wolf Alice
2149657,My Love Is Cool,But they just say hello and never look back,Chorus,Wolf Alice,Soapy Water,Wolf Alice
2149657,My Love Is Cool,I thought I heard them talk but it was hard to catch,Chorus,Wolf Alice,Soapy Water,Wolf Alice
6525028,Blue Weekend,I ain't a plaything,Verse 1,Wolf Alice,Safe From Heartbreak (if you never fall in love),Wolf Alice
6525028,Blue Weekend,To make life exciting,Verse 1,Wolf Alice,Safe From Heartbreak (if you never fall in love),Wolf Alice
6525028,Blue Weekend,I have feelings,Verse 1,Wolf Alice,Safe From Heartbreak (if you never fall in love),Wolf Alice
6525028,Blue Weekend,Safe from heartbreak if I never fall in love,Verse 1,Wolf Alice,Safe From Heartbreak (if you never fall in love),Wolf Alice
6525028,Blue Weekend,As weak as your wording,Verse 2,Wolf Alice,Safe From Heartbreak (if you never fall in love),Wolf Alice
6525028,Blue Weekend,When you told me you're leaving,Verse 2,Wolf Alice,Safe From Heartbreak (if you never fall in love),Wolf Alice
6525028,Blue Weekend,Like you don't have feelings,Verse 2,Wolf Alice,Safe From Heartbreak (if you never fall in love),Wolf Alice
6525028,Blue Weekend,Safe from heartbreak if I never fall in love,Verse 2,Wolf Alice,Safe From Heartbreak (if you never fall in love),Wolf Alice
6525028,Blue Weekend,Look beyond your wall,Bridge,Wolf Alice,Safe From Heartbreak (if you never fall in love),Wolf Alice
6525028,Blue Weekend,Bend your own rules,Bridge,Wolf Alice,Safe From Heartbreak (if you never fall in love),Wolf Alice
6525028,Blue Weekend,See how far you fall,Bridge,Wolf Alice,Safe From Heartbreak (if you never fall in love),Wolf Alice
6525028,Blue Weekend,'Cause I bet it won't kill you,Bridge,Wolf Alice,Safe From Heartbreak (if you never fall in love),Wolf Alice
6525028,Blue Weekend,I ain't a plaything (I ain't a player),Verse 3,Wolf Alice,Safe From Heartbreak (if you never fall in love),Wolf Alice
6525028,Blue Weekend,To make life exciting (Life just falls short),Verse 3,Wolf Alice,Safe From Heartbreak (if you never fall in love),Wolf Alice
6525028,Blue Weekend,You fucked with my feelings,Verse 3,Wolf Alice,Safe From Heartbreak (if you never fall in love),Wolf Alice
6525028,Blue Weekend,Safe from heartbreak if I never fall in love,Verse 3,Wolf Alice,Safe From Heartbreak (if you never fall in love),Wolf Alice
6525028,Blue Weekend,As weak as your wording (Therе are no words),Verse 4,Wolf Alice,Safe From Heartbreak (if you never fall in love),Wolf Alice
6525028,Blue Weekend,When you told me you'rе leaving (For what I believe),Verse 4,Wolf Alice,Safe From Heartbreak (if you never fall in love),Wolf Alice
6525028,Blue Weekend,Not sure what I believe in,Verse 4,Wolf Alice,Safe From Heartbreak (if you never fall in love),Wolf Alice
6525028,Blue Weekend,But I'll be safe from heartbreak if I never fall in love,Verse 4,Wolf Alice,Safe From Heartbreak (if you never fall in love),Wolf Alice
6525028,Blue Weekend,Look beyond your wall,Bridge,Wolf Alice,Safe From Heartbreak (if you never fall in love),Wolf Alice
6525028,Blue Weekend,Bend your own rules,Bridge,Wolf Alice,Safe From Heartbreak (if you never fall in love),Wolf Alice
6525028,Blue Weekend,See how far you fall,Bridge,Wolf Alice,Safe From Heartbreak (if you never fall in love),Wolf Alice
6525028,Blue Weekend,'Cause I bet it won't kill you,Bridge,Wolf Alice,Safe From Heartbreak (if you never fall in love),Wolf Alice
6525028,Blue Weekend,I ain't a plaything,Outro,Wolf Alice,Safe From Heartbreak (if you never fall in love),Wolf Alice
6525028,Blue Weekend,To make life exciting,Outro,Wolf Alice,Safe From Heartbreak (if you never fall in love),Wolf Alice
6525028,Blue Weekend,I have feelings,Outro,Wolf Alice,Safe From Heartbreak (if you never fall in love),Wolf Alice
6525028,Blue Weekend,Safe from heartbreak if I never fall in love,Outro,Wolf Alice,Safe From Heartbreak (if you never fall in love),Wolf Alice
3101735,Visions of a Life,A moment's happiness,Verse 1,Wolf Alice,Planet Hunter,Wolf Alice
3101735,Visions of a Life,Under the influence,Verse 1,Wolf Alice,Planet Hunter,Wolf Alice
3101735,Visions of a Life,I tried all night to recreate,Verse 1,Wolf Alice,Planet Hunter,Wolf Alice
3101735,Visions of a Life,And it was never ever gonna last long,Verse 1,Wolf Alice,Planet Hunter,Wolf Alice
3101735,Visions of a Life,And it was only ever gonna go wrong,Verse 1,Wolf Alice,Planet Hunter,Wolf Alice
3101735,Visions of a Life,And in the morning I only have myself to hate,Verse 1,Wolf Alice,Planet Hunter,Wolf Alice
3101735,Visions of a Life,Am I a planet hunter,Chorus,Wolf Alice,Planet Hunter,Wolf Alice
3101735,Visions of a Life,Or a brave deviator?,Chorus,Wolf Alice,Planet Hunter,Wolf Alice
3101735,Visions of a Life,I left my mind behind in 2015,Chorus,Wolf Alice,Planet Hunter,Wolf Alice
3101735,Visions of a Life,Am I a planet hunter,Chorus,Wolf Alice,Planet Hunter,Wolf Alice
3101735,Visions of a Life,Or a brave deviator?,Chorus,Wolf Alice,Planet Hunter,Wolf Alice
3101735,Visions of a Life,I left my mind behind in 2015,Chorus,Wolf Alice,Planet Hunter,Wolf Alice
3101735,Visions of a Life,"Ooh-ooh, ooh-ooh",Chorus,Wolf Alice,Planet Hunter,Wolf Alice
3101735,Visions of a Life,A moment's madness,Verse 2,Wolf Alice,Planet Hunter,Wolf Alice
3101735,Visions of a Life,Compliments your innocence,Verse 2,Wolf Alice,Planet Hunter,Wolf Alice
3101735,Visions of a Life,I tried all night to initiate (Ooh-ooh),Verse 2,Wolf Alice,Planet Hunter,Wolf Alice
3101735,Visions of a Life,And I only ever try to have fun,Verse 2,Wolf Alice,Planet Hunter,Wolf Alice
3101735,Visions of a Life,I'm only old when I don’t feel young,Verse 2,Wolf Alice,Planet Hunter,Wolf Alice
3101735,Visions of a Life,"And if you're with me, yeah",Verse 2,Wolf Alice,Planet Hunter,Wolf Alice
3101735,Visions of a Life,"You can come, yeah, along (Ooh-ooh)",Verse 2,Wolf Alice,Planet Hunter,Wolf Alice
3101735,Visions of a Life,Am I a planet hunter,Chorus,Wolf Alice,Planet Hunter,Wolf Alice
3101735,Visions of a Life,Or a brave deviator?,Chorus,Wolf Alice,Planet Hunter,Wolf Alice
3101735,Visions of a Life,I left my mind behind in 2015,Chorus,Wolf Alice,Planet Hunter,Wolf Alice
3101735,Visions of a Life,Am I a planet hunter,Chorus,Wolf Alice,Planet Hunter,Wolf Alice
3101735,Visions of a Life,Or a brave deviator?,Chorus,Wolf Alice,Planet Hunter,Wolf Alice
3101735,Visions of a Life,I left my mind behind in 2015,Chorus,Wolf Alice,Planet Hunter,Wolf Alice
3101735,Visions of a Life,"Ooh-ooh, ooh-ooh",Chorus,Wolf Alice,Planet Hunter,Wolf Alice
3101735,Visions of a Life,A moment's happiness,Outro,Wolf Alice,Planet Hunter,Wolf Alice
3101735,Visions of a Life,A moment's madness,Outro,Wolf Alice,Planet Hunter,Wolf Alice
3101716,Visions of a Life,Your mum created you a small heaven,Verse 1,Wolf Alice,Heavenward,Wolf Alice
3101716,Visions of a Life,I was there just an hour,Verse 1,Wolf Alice,Heavenward,Wolf Alice
3101716,Visions of a Life,I could tell that you'd be leaving,Verse 1,Wolf Alice,Heavenward,Wolf Alice
3101716,Visions of a Life,So cruelly beyond all our power,Verse 1,Wolf Alice,Heavenward,Wolf Alice
3101716,Visions of a Life,Go heavenward,Chorus,Wolf Alice,Heavenward,Wolf Alice
3101716,Visions of a Life,Like all earth angels should,Chorus,Wolf Alice,Heavenward,Wolf Alice
3101716,Visions of a Life,Go heavenward,Chorus,Wolf Alice,Heavenward,Wolf Alice
3101716,Visions of a Life,Like all earth angels should,Chorus,Wolf Alice,Heavenward,Wolf Alice
3101716,Visions of a Life,I'm gonna celebrate you forever,Verse 2,Wolf Alice,Heavenward,Wolf Alice
3101716,Visions of a Life,You taught us things we all should learn,Verse 2,Wolf Alice,Heavenward,Wolf Alice
3101716,Visions of a Life,"Yeah, I'm gonna celebrate you forever",Verse 2,Wolf Alice,Heavenward,Wolf Alice
3101716,Visions of a Life,And long to see you when it's my turn,Verse 2,Wolf Alice,Heavenward,Wolf Alice
3101716,Visions of a Life,Go heavenward,Chorus,Wolf Alice,Heavenward,Wolf Alice
3101716,Visions of a Life,Like all earth angels should,Chorus,Wolf Alice,Heavenward,Wolf Alice
3101716,Visions of a Life,Go heavenward,Chorus,Wolf Alice,Heavenward,Wolf Alice
3101716,Visions of a Life,Like all earth angels should,Chorus,Wolf Alice,Heavenward,Wolf Alice
3101716,Visions of a Life,"I see you dancing on, you dancing on",Outro,Wolf Alice,Heavenward,Wolf Alice
3101716,Visions of a Life,"I see you dancing on, you dancing on",Outro,Wolf Alice,Heavenward,Wolf Alice
3101716,Visions of a Life,"I see you dancing on, you dancing on",Outro,Wolf Alice,Heavenward,Wolf Alice
3101716,Visions of a Life,"I see you dancing on, you dancing on",Outro,Wolf Alice,Heavenward,Wolf Alice
2283031,My Love Is Cool,Last touch,Verse 1,Wolf Alice,Every Cloud,Wolf Alice
2283031,My Love Is Cool,Let loose,Verse 1,Wolf Alice,Every Cloud,Wolf Alice
2283031,My Love Is Cool,Taunted,Verse 1,Wolf Alice,Every Cloud,Wolf Alice
2283031,My Love Is Cool,Got the blues,Verse 1,Wolf Alice,Every Cloud,Wolf Alice
2283031,My Love Is Cool,In a bad space,Chorus,Wolf Alice,Every Cloud,Wolf Alice
2283031,My Love Is Cool,In a bad place,Chorus,Wolf Alice,Every Cloud,Wolf Alice
2283031,My Love Is Cool,Know every cloud,Chorus,Wolf Alice,Every Cloud,Wolf Alice
2283031,My Love Is Cool,I will change,Chorus,Wolf Alice,Every Cloud,Wolf Alice
2283031,My Love Is Cool,Last touch,Verse 2,Wolf Alice,Every Cloud,Wolf Alice
2283031,My Love Is Cool,Let loose,Verse 2,Wolf Alice,Every Cloud,Wolf Alice
2283031,My Love Is Cool,Taunted,Verse 2,Wolf Alice,Every Cloud,Wolf Alice
2283031,My Love Is Cool,Got the blues,Verse 2,Wolf Alice,Every Cloud,Wolf Alice
2283031,My Love Is Cool,In a bad space,Chorus,Wolf Alice,Every Cloud,Wolf Alice
2283031,My Love Is Cool,In a bad place,Chorus,Wolf Alice,Every Cloud,Wolf Alice
2283031,My Love Is Cool,Know every cloud,Chorus,Wolf Alice,Every Cloud,Wolf Alice
2283031,My Love Is Cool,I will change,Chorus,Wolf Alice,Every Cloud,Wolf Alice
1864195,My Love Is Cool,"Shake your hair, have some fun",Verse 1,Wolf Alice,Bros,Wolf Alice
1864195,My Love Is Cool,"Forget our mothers and past lovers, forget everyone",Verse 1,Wolf Alice,Bros,Wolf Alice
1864195,My Love Is Cool,"Oh, I'm so lucky, you are my best friend",Verse 1,Wolf Alice,Bros,Wolf Alice
1864195,My Love Is Cool,"Oh, there's no one, there's no one who knows me like you do",Verse 1,Wolf Alice,Bros,Wolf Alice
1864195,My Love Is Cool,Are your lights on?,Chorus,Wolf Alice,Bros,Wolf Alice
1864195,My Love Is Cool,Are your lights still on?,Chorus,Wolf Alice,Bros,Wolf Alice
1864195,My Love Is Cool,I'll keep you safe,Chorus,Wolf Alice,Bros,Wolf Alice
1864195,My Love Is Cool,You keep me strong,Chorus,Wolf Alice,Bros,Wolf Alice
1864195,My Love Is Cool,Remember when we cut our hair?,Verse 2,Wolf Alice,Bros,Wolf Alice
1864195,My Love Is Cool,"We both looked like boys, but we didn't care",Verse 2,Wolf Alice,Bros,Wolf Alice
1864195,My Love Is Cool,"Stick it out together, like we always do",Verse 2,Wolf Alice,Bros,Wolf Alice
1864195,My Love Is Cool,"Oh, there's no one, there's no one quite like you",Verse 2,Wolf Alice,Bros,Wolf Alice
1864195,My Love Is Cool,Are your lights on?,Chorus,Wolf Alice,Bros,Wolf Alice
1864195,My Love Is Cool,Are your lights still on?,Chorus,Wolf Alice,Bros,Wolf Alice
1864195,My Love Is Cool,I'll keep you safe,Chorus,Wolf Alice,Bros,Wolf Alice
1864195,My Love Is Cool,You keep me strong,Chorus,Wolf Alice,Bros,Wolf Alice
1864195,My Love Is Cool,"Ohhh, jump that 43",Bridge,Wolf Alice,Bros,Wolf Alice
1864195,My Love Is Cool,Are you wild like me?,Bridge,Wolf Alice,Bros,Wolf Alice
1864195,My Love Is Cool,Raised by wolves and other beasts,Bridge,Wolf Alice,Bros,Wolf Alice
1864195,My Love Is Cool,I tell you all the time,Bridge,Wolf Alice,Bros,Wolf Alice
1864195,My Love Is Cool,I'm not mad,Bridge,Wolf Alice,Bros,Wolf Alice
1864195,My Love Is Cool,You tell me all the time,Bridge,Wolf Alice,Bros,Wolf Alice
1864195,My Love Is Cool,I got plans,Bridge,Wolf Alice,Bros,Wolf Alice
1864195,My Love Is Cool,"Ohhh, jump that 43",Bridge,Wolf Alice,Bros,Wolf Alice
1864195,My Love Is Cool,Are you wild like me?,Bridge,Wolf Alice,Bros,Wolf Alice
1864195,My Love Is Cool,Raised by wolves and other beasts,Bridge,Wolf Alice,Bros,Wolf Alice
1864195,My Love Is Cool,I tell you all the time,Bridge,Wolf Alice,Bros,Wolf Alice
1864195,My Love Is Cool,I'm not mad,Bridge,Wolf Alice,Bros,Wolf Alice
1864195,My Love Is Cool,You tell me all the time,Bridge,Wolf Alice,Bros,Wolf Alice
1864195,My Love Is Cool,I got plans,Bridge,Wolf Alice,Bros,Wolf Alice
1864195,My Love Is Cool,"Me and you, me and you, me and you",Outro,Wolf Alice,Bros,Wolf Alice
1864195,My Love Is Cool,"We could do better, I'm quite sure",Outro,Wolf Alice,Bros,Wolf Alice
1864195,My Love Is Cool,"Me and you, me and you, me and you",Outro,Wolf Alice,Bros,Wolf Alice
1864195,My Love Is Cool,"We could do better, I'm quite sure",Outro,Wolf Alice,Bros,Wolf Alice
1864195,My Love Is Cool,"Me, me, me, me, me and you",Outro,Wolf Alice,Bros,Wolf Alice
1864195,My Love Is Cool,"Me, me, me, me, me and you",Outro,Wolf Alice,Bros,Wolf Alice
782820,My Love Is Cool,Curse the things that made me sad for so long,Verse 1,Wolf Alice,Blush,Wolf Alice
782820,My Love Is Cool,"Yeah, it hurts to think that they can still go on",Verse 1,Wolf Alice,Blush,Wolf Alice
782820,My Love Is Cool,I'm happy now,Verse 1,Wolf Alice,Blush,Wolf Alice
782820,My Love Is Cool,Are you happy now?,Verse 1,Wolf Alice,Blush,Wolf Alice
782820,My Love Is Cool,Spoke out the things that you've worked out to be wrong,Verse 1,Wolf Alice,Blush,Wolf Alice
782820,My Love Is Cool,"You got two hands to take all you can, but don't take too long",Verse 1,Wolf Alice,Blush,Wolf Alice
782820,My Love Is Cool,To be happy somehow,Verse 1,Wolf Alice,Blush,Wolf Alice
782820,My Love Is Cool,Are you happy now?,Verse 1,Wolf Alice,Blush,Wolf Alice
782820,My Love Is Cool,Figured out I'm good,Pre-Chorus,Wolf Alice,Blush,Wolf Alice
782820,My Love Is Cool,Turn me down like I knew I should,Pre-Chorus,Wolf Alice,Blush,Wolf Alice
782820,My Love Is Cool,"Punch drunk, dumb struck, pot luck happy, happy",Pre-Chorus,Wolf Alice,Blush,Wolf Alice
782820,My Love Is Cool,"But don't chicken out, it's all good",Pre-Chorus,Wolf Alice,Blush,Wolf Alice
782820,My Love Is Cool,You're allowed to be what you could,Pre-Chorus,Wolf Alice,Blush,Wolf Alice
782820,My Love Is Cool,"Punch drunk, dumb struck, pot luck happy happy",Chorus,Wolf Alice,Blush,Wolf Alice
782820,My Love Is Cool,"Punch drunk, dumb struck, pot luck happy happy",Chorus,Wolf Alice,Blush,Wolf Alice
782820,My Love Is Cool,"Punch drunk, dumb struck, pot luck happy happy",Chorus,Wolf Alice,Blush,Wolf Alice
782820,My Love Is Cool,Figured out I'm good,Bridge,Wolf Alice,Blush,Wolf Alice
782820,My Love Is Cool,Turn me down like I knew I should,Bridge,Wolf Alice,Blush,Wolf Alice
782820,My Love Is Cool,Happy now,Bridge,Wolf Alice,Blush,Wolf Alice
782820,My Love Is Cool,"Don't chicken out, it's all good",Bridge,Wolf Alice,Blush,Wolf Alice
782820,My Love Is Cool,You're allowed to be what you could,Bridge,Wolf Alice,Blush,Wolf Alice
782820,My Love Is Cool,Happy now,Bridge,Wolf Alice,Blush,Wolf Alice
782820,My Love Is Cool,Happy now,Bridge,Wolf Alice,Blush,Wolf Alice
782820,My Love Is Cool,Happy now,Bridge,Wolf Alice,Blush,Wolf Alice
782820,My Love Is Cool,I feel good,Bridge,Wolf Alice,Blush,Wolf Alice
782820,My Love Is Cool,Curse the things that made me sad for so long,Outro,Wolf Alice,Blush,Wolf Alice
782820,My Love Is Cool,Yeah it hurts to think that they can still go on,Outro,Wolf Alice,Blush,Wolf Alice
782820,My Love Is Cool,I'm happy now,Outro,Wolf Alice,Blush,Wolf Alice
782820,My Love Is Cool,Are you happy now?,Outro,Wolf Alice,Blush,Wolf Alice
3101719,Visions of a Life,I watch you and your friends,Verse 1,Wolf Alice,Beautifully Unconventional,Wolf Alice
3101719,Visions of a Life,"You stick out so sorely, girl",Verse 1,Wolf Alice,Beautifully Unconventional,Wolf Alice
3101719,Visions of a Life,Did you grow up a poorly girl?,Verse 1,Wolf Alice,Beautifully Unconventional,Wolf Alice
3101719,Visions of a Life,Girls who don’t go out and play,Verse 1,Wolf Alice,Beautifully Unconventional,Wolf Alice
3101719,Visions of a Life,Are you at your wits' end?,Verse 1,Wolf Alice,Beautifully Unconventional,Wolf Alice
3101719,Visions of a Life,With these meaningless conversations?,Verse 1,Wolf Alice,Beautifully Unconventional,Wolf Alice
3101719,Visions of a Life,"Well, I’ll tell you they test my patience",Verse 1,Wolf Alice,Beautifully Unconventional,Wolf Alice
3101719,Visions of a Life,And maybe we could be friends,Verse 1,Wolf Alice,Beautifully Unconventional,Wolf Alice
3101719,Visions of a Life,"As light as a feather, why oh",Pre-Chorus 1,Wolf Alice,Beautifully Unconventional,Wolf Alice
3101719,Visions of a Life,"Grade A smart clever, why oh",Pre-Chorus 1,Wolf Alice,Beautifully Unconventional,Wolf Alice
3101719,Visions of a Life,"She’s no Heather, why oh",Pre-Chorus 1,Wolf Alice,Beautifully Unconventional,Wolf Alice
3101719,Visions of a Life,"So I see a life together, why",Pre-Chorus 1,Wolf Alice,Beautifully Unconventional,Wolf Alice
3101719,Visions of a Life,Hannah! She lives! She breathes!,Chorus,Wolf Alice,Beautifully Unconventional,Wolf Alice
3101719,Visions of a Life,She’s beautifully unconventional,Chorus,Wolf Alice,Beautifully Unconventional,Wolf Alice
3101719,Visions of a Life,She seems to be from the best place in the world,Chorus,Wolf Alice,Beautifully Unconventional,Wolf Alice
3101719,Visions of a Life,Must be the best place in the world,Chorus,Wolf Alice,Beautifully Unconventional,Wolf Alice
3101719,Visions of a Life,Head way up in a storm cloud,Verse 2,Wolf Alice,Beautifully Unconventional,Wolf Alice
3101719,Visions of a Life,Calm but so extreme,Verse 2,Wolf Alice,Beautifully Unconventional,Wolf Alice
3101719,Visions of a Life,Did you ever analyze your dreams?,Verse 2,Wolf Alice,Beautifully Unconventional,Wolf Alice
3101719,Visions of a Life,You know nothing is what it seems,Verse 2,Wolf Alice,Beautifully Unconventional,Wolf Alice
3101719,Visions of a Life,You’re a walking contradiction,Verse 2,Wolf Alice,Beautifully Unconventional,Wolf Alice
3101719,Visions of a Life,Cute with such conviction,Verse 2,Wolf Alice,Beautifully Unconventional,Wolf Alice
3101719,Visions of a Life,But dark as the devil who walks,Verse 2,Wolf Alice,Beautifully Unconventional,Wolf Alice
3101719,Visions of a Life,And as loyal as a stalker who stalks,Verse 2,Wolf Alice,Beautifully Unconventional,Wolf Alice
3101719,Visions of a Life,"Changing like the weather, why oh",Pre-Chorus 2,Wolf Alice,Beautifully Unconventional,Wolf Alice
3101719,Visions of a Life,"As tough as leather, why oh",Pre-Chorus 2,Wolf Alice,Beautifully Unconventional,Wolf Alice
3101719,Visions of a Life,"Floating in the ether, why oh",Pre-Chorus 2,Wolf Alice,Beautifully Unconventional,Wolf Alice
3101719,Visions of a Life,"Friends forever, why",Pre-Chorus 2,Wolf Alice,Beautifully Unconventional,Wolf Alice
3101719,Visions of a Life,Hannah! She lives! She breathes!,Chorus,Wolf Alice,Beautifully Unconventional,Wolf Alice
3101719,Visions of a Life,She’s beautifully unconventional,Chorus,Wolf Alice,Beautifully Unconventional,Wolf Alice
3101719,Visions of a Life,She seems to be from the best place in the world,Chorus,Wolf Alice,Beautifully Unconventional,Wolf Alice
3101719,Visions of a Life,Must be the best place in the world,Chorus,Wolf Alice,Beautifully Unconventional,Wolf Alice
3101719,Visions of a Life,She’s beautifully (Unconventional),Bridge,Wolf Alice,Beautifully Unconventional,Wolf Alice
3101719,Visions of a Life,I long to see (Her rise above us all),Bridge,Wolf Alice,Beautifully Unconventional,Wolf Alice
3101719,Visions of a Life,I long to be (With her forever more),Bridge,Wolf Alice,Beautifully Unconventional,Wolf Alice
3101719,Visions of a Life,She’s beautifully,Bridge,Wolf Alice,Beautifully Unconventional,Wolf Alice
3101719,Visions of a Life,As light as a feather,Outro,Wolf Alice,Beautifully Unconventional,Wolf Alice
3101719,Visions of a Life,Grade A smart clever,Outro,Wolf Alice,Beautifully Unconventional,Wolf Alice
3101719,Visions of a Life,Floating in the ether,Outro,Wolf Alice,Beautifully Unconventional,Wolf Alice
3101719,Visions of a Life,Friends forever I hope,Outro,Wolf Alice,Beautifully Unconventional,Wolf Alice
